file_name,block_name,variant,avg_color_srgb,avg_color_linear
acacia_door_bottom.png,Acacia Door,bottom,"(117, 65, 41)","(45, 12, 4)"
acacia_door_top.png,Acacia Door,top,"(120, 68, 43)","(48, 13, 5)"
acacia_leaves.png,Acacia Leaves,base,"(86, 85, 85)","(23, 22, 22)"
acacia_log.png,Acacia Log,base,"(103, 96, 86)","(34, 29, 23)"
acacia_log_top.png,Acacia Log,top,"(150, 88, 55)","(79, 24, 8)"
acacia_planks.png,Acacia Planks,base,"(168, 90, 50)","(101, 25, 7)"
acacia_sapling.png,Acacia Sapling,base,"(51, 51, 10)","(7, 7, 0)"
acacia_trapdoor.png,Acacia Trapdoor,base,"(119, 66, 39)","(47, 13, 4)"
activator_rail.png,Activator Rail,base,"(70, 53, 45)","(14, 8, 5)"
activator_rail_on.png,Activator Rail,on,"(87, 53, 45)","(23, 8, 5)"
allium.png,Allium,base,"(23, 20, 27)","(1, 0, 1)"
amethyst_block.png,Amethyst Block,base,"(133, 97, 191)","(60, 30, 135)"
amethyst_cluster.png,Amethyst Cluster,base,"(89, 69, 113)","(25, 14, 42)"
ancient_debris_side.png,Ancient Debris,side,"(95, 63, 55)","(29, 11, 8)"
ancient_debris_top.png,Ancient Debris,top,"(94, 66, 58)","(28, 13, 9)"
andesite.png,Andesite,base,"(136, 136, 136)","(63, 63, 63)"
anvil.png,Anvil,base,"(68, 68, 68)","(13, 13, 13)"
anvil_top.png,Anvil,top,"(45, 45, 45)","(5, 5, 5)"
attached_melon_stem.png,Attached Melon Stem,base,"(18, 18, 18)","(0, 0, 0)"
attached_pumpkin_stem.png,Attached Pumpkin Stem,base,"(17, 17, 17)","(0, 0, 0)"
azalea_leaves.png,Azalea Leaves,base,"(69, 88, 34)","(14, 24, 3)"
azalea_plant.png,Azalea Plant,base,"(67, 81, 31)","(13, 20, 2)"
azalea_side.png,Azalea,side,"(56, 70, 27)","(9, 14, 1)"
azalea_top.png,Azalea,top,"(101, 124, 47)","(33, 52, 6)"
azure_bluet.png,Azure Bluet,base,"(28, 34, 21)","(1, 3, 1)"
bamboo_block.png,Bamboo Block,base,"(127, 144, 57)","(55, 72, 9)"
bamboo_block_top.png,Bamboo Block,top,"(139, 141, 62)","(67, 69, 11)"
bamboo_door_bottom.png,Bamboo Door,bottom,"(199, 178, 84)","(147, 115, 22)"
bamboo_door_top.png,Bamboo Door,top,"(155, 139, 66)","(85, 67, 13)"
bamboo_fence.png,Bamboo Fence,base,"(138, 124, 59)","(66, 52, 10)"
bamboo_fence_gate.png,Bamboo Fence Gate,base,"(154, 139, 65)","(84, 67, 12)"
bamboo_fence_gate_particle.png,Bamboo Fence Gate Particle,base,"(206, 185, 84)","(159, 125, 22)"
bamboo_fence_particle.png,Bamboo Fence Particle,base,"(206, 185, 84)","(159, 125, 22)"
bamboo_large_leaves.png,Bamboo Large Leaves,base,"(52, 85, 18)","(7, 22, 0)"
bamboo_mosaic.png,Bamboo Mosaic,base,"(190, 170, 78)","(133, 104, 18)"
bamboo_planks.png,Bamboo Planks,base,"(193, 173, 80)","(138, 108, 19)"
bamboo_singleleaf.png,Bamboo Singleleaf,base,"(4, 6, 1)","(0, 0, 0)"
bamboo_small_leaves.png,Bamboo Small Leaves,base,"(23, 36, 8)","(1, 3, 0)"
bamboo_stage0.png,Bamboo Stage0,base,"(19, 19, 7)","(0, 0, 0)"
bamboo_stalk.png,Bamboo Stalk,base,"(93, 144, 19)","(27, 72, 0)"
bamboo_trapdoor.png,Bamboo Trapdoor,base,"(164, 148, 70)","(96, 77, 14)"
barrel_bottom.png,Barrel,bottom,"(115, 85, 48)","(44, 22, 6)"
barrel_side.png,Barrel,side,"(107, 81, 50)","(37, 20, 7)"
barrel_top.png,Barrel,top,"(134, 100, 58)","(61, 32, 9)"
barrel_top_open.png,Barrel Open,top,"(92, 67, 34)","(27, 13, 3)"
basalt_side.png,Basalt,side,"(73, 72, 77)","(16, 15, 18)"
basalt_top.png,Basalt,top,"(80, 81, 86)","(19, 20, 23)"
beacon.png,Beacon,base,"(117, 220, 215)","(45, 184, 175)"
bedrock.png,Bedrock,base,"(85, 85, 85)","(22, 22, 22)"
bee_nest_bottom.png,Bee Nest,bottom,"(160, 127, 87)","(91, 55, 23)"
bee_nest_front.png,Bee Nest,front,"(183, 141, 76)","(122, 69, 17)"
bee_nest_front_honey.png,Bee Nest Honey,front,"(194, 151, 75)","(139, 80, 17)"
bee_nest_side.png,Bee Nest,side,"(196, 150, 77)","(142, 79, 18)"
bee_nest_top.png,Bee Nest,top,"(202, 160, 74)","(152, 91, 16)"
beehive_end.png,Beehive End,base,"(180, 146, 90)","(118, 74, 25)"
beehive_front.png,Beehive,front,"(159, 128, 77)","(90, 55, 18)"
beehive_front_honey.png,Beehive Honey,front,"(167, 131, 74)","(100, 58, 16)"
beehive_side.png,Beehive,side,"(157, 126, 75)","(87, 54, 17)"
beetroots_stage0.png,Beetroots Stage0,base,"(3, 8, 2)","(0, 0, 0)"
beetroots_stage1.png,Beetroots Stage1,base,"(7, 16, 4)","(0, 0, 0)"
beetroots_stage2.png,Beetroots Stage2,base,"(23, 44, 13)","(1, 5, 0)"
beetroots_stage3.png,Beetroots Stage3,base,"(42, 41, 13)","(4, 4, 0)"
bell_bottom.png,Bell,bottom,"(47, 37, 10)","(6, 3, 0)"
bell_side.png,Bell,side,"(57, 51, 21)","(9, 7, 1)"
bell_top.png,Bell,top,"(63, 58, 27)","(11, 9, 1)"
big_dripleaf_side.png,Big Dripleaf,side,"(0, 1, 0)","(0, 0, 0)"
big_dripleaf_stem.png,Big Dripleaf Stem,base,"(29, 37, 15)","(2, 3, 0)"
big_dripleaf_tip.png,Big Dripleaf Tip,base,"(15, 19, 7)","(0, 0, 0)"
big_dripleaf_top.png,Big Dripleaf,top,"(101, 128, 46)","(33, 55, 5)"
birch_door_bottom.png,Birch Door,bottom,"(208, 194, 144)","(162, 139, 72)"
birch_door_top.png,Birch Door,top,"(220, 209, 176)","(184, 164, 112)"
birch_leaves.png,Birch Leaves,base,"(73, 72, 73)","(16, 15, 16)"
birch_log.png,Birch Log,base,"(216, 215, 210)","(176, 175, 166)"
birch_log_top.png,Birch Log,top,"(193, 179, 135)","(138, 117, 62)"
birch_planks.png,Birch Planks,base,"(192, 175, 121)","(136, 111, 49)"
birch_sapling.png,Birch Sapling,base,"(48, 61, 30)","(6, 10, 2)"
birch_trapdoor.png,Birch Trapdoor,base,"(207, 194, 157)","(161, 139, 87)"
black_candle.png,Black Candle,base,"(3, 3, 4)","(0, 0, 0)"
black_candle_lit.png,Black Candle Lit,base,"(6, 3, 4)","(0, 0, 0)"
black_concrete.png,Black Concrete,base,"(8, 10, 15)","(0, 0, 0)"
black_concrete_powder.png,Black Concrete Powder,base,"(25, 26, 31)","(1, 1, 2)"
black_glazed_terracotta.png,Black Glazed Terracotta,base,"(67, 30, 32)","(13, 2, 2)"
black_shulker_box.png,Black Shulker Box,base,"(25, 25, 29)","(1, 1, 2)"
black_stained_glass.png,Black Stained Glass,base,"(25, 25, 25)","(1, 1, 1)"
black_stained_glass_pane_top.png,Black Stained Glass Pane,top,"(3, 3, 3)","(0, 0, 0)"
black_terracotta.png,Black Terracotta,base,"(37, 22, 16)","(3, 1, 0)"
black_wool.png,Black Wool,base,"(20, 21, 25)","(0, 1, 1)"
blackstone.png,Blackstone,base,"(42, 35, 40)","(4, 3, 4)"
blackstone_top.png,Blackstone,top,"(42, 36, 41)","(4, 3, 4)"
blast_furnace_front.png,Blast Furnace,front,"(107, 107, 107)","(37, 37, 37)"
blast_furnace_front_on.png,Blast Furnace,front,"(115, 110, 105)","(44, 40, 36)"
blast_furnace_side.png,Blast Furnace,side,"(107, 107, 107)","(37, 37, 37)"
blast_furnace_top.png,Blast Furnace,top,"(80, 80, 81)","(19, 19, 20)"
blue_candle.png,Blue Candle,base,"(4, 6, 13)","(0, 0, 0)"
blue_candle_lit.png,Blue Candle Lit,base,"(5, 6, 14)","(0, 0, 0)"
blue_concrete.png,Blue Concrete,base,"(44, 46, 143)","(5, 5, 71)"
blue_concrete_powder.png,Blue Concrete Powder,base,"(70, 73, 166)","(14, 16, 99)"
blue_glazed_terracotta.png,Blue Glazed Terracotta,base,"(47, 64, 139)","(6, 12, 67)"
blue_ice.png,Blue Ice,base,"(116, 167, 253)","(45, 100, 250)"
blue_orchid.png,Blue Orchid,base,"(8, 27, 28)","(0, 1, 1)"
blue_shulker_box.png,Blue Shulker Box,base,"(43, 45, 140)","(5, 5, 68)"
blue_stained_glass.png,Blue Stained Glass,base,"(51, 76, 178)","(7, 17, 115)"
blue_stained_glass_pane_top.png,Blue Stained Glass Pane,top,"(6, 9, 21)","(0, 0, 1)"
blue_terracotta.png,Blue Terracotta,base,"(74, 59, 91)","(16, 10, 26)"
blue_wool.png,Blue Wool,base,"(53, 57, 157)","(8, 9, 87)"
bone_block_side.png,Bone Block,side,"(229, 225, 207)","(201, 193, 161)"
bone_block_top.png,Bone Block,top,"(209, 206, 179)","(164, 159, 117)"
bookshelf.png,Bookshelf,base,"(117, 94, 59)","(45, 28, 10)"
brain_coral.png,Brain Coral,base,"(86, 37, 66)","(23, 3, 13)"
brain_coral_block.png,Brain Coral Block,base,"(207, 91, 159)","(161, 26, 90)"
brain_coral_fan.png,Brain Coral Fan,base,"(75, 31, 57)","(17, 2, 9)"
brewing_stand.png,Brewing Stand,base,"(61, 51, 41)","(10, 7, 4)"
brewing_stand_base.png,Brewing Stand Base,base,"(116, 105, 105)","(45, 36, 36)"
bricks.png,Bricks,base,"(150, 97, 83)","(79, 30, 21)"
brown_candle.png,Brown Candle,base,"(9, 5, 3)","(0, 0, 0)"
brown_candle_lit.png,Brown Candle Lit,base,"(12, 7, 4)","(0, 0, 0)"
brown_concrete.png,Brown Concrete,base,"(96, 59, 31)","(29, 10, 2)"
brown_concrete_powder.png,Brown Concrete Powder,base,"(125, 84, 53)","(53, 22, 8)"
brown_glazed_terracotta.png,Brown Glazed Terracotta,base,"(119, 106, 85)","(47, 36, 22)"
brown_mushroom.png,Brown Mushroom,base,"(20, 15, 12)","(0, 0, 0)"
brown_mushroom_block.png,Brown Mushroom Block,base,"(149, 111, 81)","(78, 40, 20)"
brown_shulker_box.png,Brown Shulker Box,base,"(106, 66, 35)","(36, 13, 3)"
brown_stained_glass.png,Brown Stained Glass,base,"(102, 76, 51)","(33, 17, 7)"
brown_stained_glass_pane_top.png,Brown Stained Glass Pane,top,"(12, 9, 6)","(0, 0, 0)"
brown_terracotta.png,Brown Terracotta,base,"(77, 51, 35)","(18, 7, 3)"
brown_wool.png,Brown Wool,base,"(114, 71, 40)","(43, 15, 4)"
bubble_coral.png,Bubble Coral,base,"(83, 12, 82)","(21, 0, 21)"
bubble_coral_block.png,Bubble Coral Block,base,"(165, 26, 162)","(97, 1, 93)"
bubble_coral_fan.png,Bubble Coral Fan,base,"(70, 14, 69)","(14, 0, 14)"
budding_amethyst.png,Budding Amethyst,base,"(132, 96, 186)","(59, 29, 127)"
bush.png,Bush,base,"(59, 59, 59)","(10, 10, 10)"
cactus_bottom.png,Cactus,bottom,"(109, 130, 65)","(39, 57, 12)"
cactus_flower.png,Cactus Flower,base,"(75, 43, 48)","(17, 5, 6)"
cactus_side.png,Cactus,side,"(78, 115, 40)","(18, 44, 4)"
cactus_top.png,Cactus,top,"(65, 97, 33)","(12, 30, 2)"
cake_bottom.png,Cake,bottom,"(102, 47, 24)","(33, 6, 1)"
cake_inner.png,Cake Inner,base,"(58, 37, 26)","(9, 3, 1)"
cake_side.png,Cake,side,"(88, 66, 53)","(24, 13, 8)"
cake_top.png,Cake,top,"(189, 170, 164)","(131, 104, 96)"
calcite.png,Calcite,base,"(223, 224, 220)","(189, 191, 184)"
calibrated_sculk_sensor_amethyst.png,Calibrated Sculk Sensor Amethyst,base,"(49, 40, 56)","(6, 4, 9)"
calibrated_sculk_sensor_input_side.png,Calibrated Sculk Sensor Input,side,"(29, 34, 50)","(2, 3, 7)"
calibrated_sculk_sensor_top.png,Calibrated Sculk Sensor,top,"(27, 79, 100)","(1, 19, 32)"
campfire_fire.png,Campfire Fire,base,"(106, 77, 28)","(36, 18, 1)"
campfire_log.png,Campfire Log,base,"(64, 60, 54)","(12, 10, 8)"
campfire_log_lit.png,Campfire Log Lit,base,"(110, 88, 54)","(40, 24, 8)"
candle.png,Candle,base,"(19, 16, 12)","(0, 0, 0)"
candle_lit.png,Candle Lit,base,"(19, 17, 14)","(0, 0, 0)"
carrots_stage0.png,Carrots Stage0,base,"(2, 7, 2)","(0, 0, 0)"
carrots_stage1.png,Carrots Stage1,base,"(8, 19, 6)","(0, 0, 0)"
carrots_stage2.png,Carrots Stage2,base,"(18, 36, 12)","(0, 3, 0)"
carrots_stage3.png,Carrots Stage3,base,"(35, 53, 16)","(3, 8, 0)"
cartography_table_side1.png,Cartography Table Side1,side,"(70, 50, 34)","(14, 7, 3)"
cartography_table_side2.png,Cartography Table Side2,side,"(81, 61, 42)","(20, 10, 4)"
cartography_table_side3.png,Cartography Table Side3,side,"(67, 43, 20)","(13, 5, 0)"
cartography_table_top.png,Cartography Table,top,"(103, 87, 67)","(34, 23, 13)"
carved_pumpkin.png,Carved Pumpkin,base,"(150, 84, 17)","(79, 22, 0)"
cauldron_bottom.png,Cauldron,bottom,"(13, 13, 14)","(0, 0, 0)"
cauldron_inner.png,Cauldron Inner,base,"(49, 49, 53)","(6, 6, 8)"
cauldron_side.png,Cauldron,side,"(74, 73, 74)","(16, 16, 16)"
cauldron_top.png,Cauldron,top,"(44, 44, 45)","(5, 5, 5)"
cave_vines.png,Cave Vines,base,"(50, 61, 22)","(7, 10, 1)"
cave_vines_lit.png,Cave Vines Lit,base,"(61, 65, 24)","(10, 12, 1)"
cave_vines_plant.png,Cave Vines Plant,base,"(49, 57, 21)","(6, 9, 1)"
cave_vines_plant_lit.png,Cave Vines Plant Lit,base,"(65, 67, 25)","(12, 13, 1)"
chain.png,Chain,base,"(11, 12, 16)","(0, 0, 0)"
chain_command_block_back.png,Chain Command Block,back,"(130, 157, 145)","(57, 87, 73)"
chain_command_block_conditional.png,Chain Command Block Conditional,base,"(129, 161, 147)","(56, 92, 75)"
chain_command_block_front.png,Chain Command Block,front,"(132, 165, 150)","(59, 97, 79)"
chain_command_block_side.png,Chain Command Block,side,"(131, 161, 147)","(58, 92, 75)"
cherry_door_bottom.png,Cherry Door,bottom,"(223, 174, 168)","(189, 109, 101)"
cherry_door_top.png,Cherry Door,top,"(191, 146, 141)","(135, 74, 69)"
cherry_leaves.png,Cherry Leaves,base,"(193, 145, 163)","(138, 73, 95)"
cherry_log.png,Cherry Log,base,"(54, 33, 44)","(8, 2, 5)"
cherry_log_top.png,Cherry Log,top,"(185, 141, 137)","(125, 69, 65)"
cherry_planks.png,Cherry Planks,base,"(226, 178, 172)","(195, 115, 107)"
cherry_sapling.png,Cherry Sapling,base,"(78, 56, 68)","(18, 9, 13)"
cherry_trapdoor.png,Cherry Trapdoor,base,"(194, 153, 148)","(139, 82, 77)"
chipped_anvil_top.png,Chipped Anvil,top,"(45, 45, 45)","(5, 5, 5)"
chiseled_bookshelf_empty.png,Chiseled Bookshelf Empty,base,"(90, 70, 41)","(25, 14, 4)"
chiseled_bookshelf_occupied.png,Chiseled Bookshelf Occupied,base,"(121, 94, 69)","(49, 28, 14)"
chiseled_bookshelf_side.png,Chiseled Bookshelf,side,"(175, 141, 86)","(111, 69, 23)"
chiseled_bookshelf_top.png,Chiseled Bookshelf,top,"(178, 144, 88)","(115, 72, 24)"
chiseled_copper.png,Chiseled Copper,base,"(184, 100, 73)","(124, 32, 16)"
chiseled_deepslate.png,Chiseled Deepslate,base,"(54, 54, 54)","(8, 8, 8)"
chiseled_nether_bricks.png,Chiseled Nether Bricks,base,"(45, 22, 27)","(5, 1, 1)"
chiseled_polished_blackstone.png,Chiseled Polished Blackstone,base,"(53, 48, 56)","(8, 6, 9)"
chiseled_quartz_block.png,Chiseled Quartz Block,base,"(231, 226, 218)","(205, 195, 180)"
chiseled_quartz_block_top.png,Chiseled Quartz Block,top,"(231, 226, 217)","(205, 195, 178)"
chiseled_red_sandstone.png,Chiseled Red Sandstone,base,"(183, 96, 27)","(122, 29, 1)"
chiseled_resin_bricks.png,Chiseled Resin Bricks,base,"(200, 84, 24)","(149, 22, 1)"
chiseled_sandstone.png,Chiseled Sandstone,base,"(216, 202, 155)","(176, 152, 85)"
chiseled_stone_bricks.png,Chiseled Stone Bricks,base,"(119, 118, 119)","(47, 46, 47)"
chiseled_tuff.png,Chiseled Tuff,base,"(89, 94, 86)","(25, 28, 23)"
chiseled_tuff_bricks.png,Chiseled Tuff Bricks,base,"(98, 103, 95)","(31, 34, 29)"
chiseled_tuff_bricks_top.png,Chiseled Tuff Bricks,top,"(110, 113, 106)","(40, 42, 36)"
chiseled_tuff_top.png,Chiseled Tuff,top,"(93, 98, 91)","(27, 31, 26)"
chorus_flower.png,Chorus Flower,base,"(151, 120, 151)","(80, 48, 80)"
chorus_flower_dead.png,Chorus Flower Dead,base,"(96, 61, 94)","(29, 10, 28)"
chorus_plant.png,Chorus Plant,base,"(93, 57, 93)","(27, 9, 27)"
clay.png,Clay,base,"(160, 166, 179)","(91, 99, 117)"
closed_eyeblossom.png,Closed Eyeblossom,base,"(21, 19, 19)","(1, 0, 0)"
coal_block.png,Coal Block,base,"(16, 15, 15)","(0, 0, 0)"
coal_ore.png,Coal Ore,base,"(105, 105, 105)","(36, 36, 36)"
coarse_dirt.png,Coarse Dirt,base,"(119, 85, 59)","(47, 22, 10)"
cobbled_deepslate.png,Cobbled Deepslate,base,"(77, 77, 80)","(18, 18, 19)"
cobblestone.png,Cobblestone,base,"(127, 127, 127)","(55, 55, 55)"
cobweb.png,Cobweb,base,"(93, 95, 96)","(27, 29, 29)"
cocoa_stage0.png,Cocoa Stage0,base,"(24, 24, 11)","(1, 1, 0)"
cocoa_stage1.png,Cocoa Stage1,base,"(50, 38, 19)","(7, 3, 0)"
cocoa_stage2.png,Cocoa Stage2,base,"(88, 52, 23)","(24, 7, 1)"
command_block_back.png,Command Block,back,"(173, 131, 106)","(108, 58, 36)"
command_block_conditional.png,Command Block Conditional,base,"(178, 133, 105)","(115, 60, 36)"
command_block_front.png,Command Block,front,"(181, 136, 108)","(119, 63, 38)"
command_block_side.png,Command Block,side,"(177, 133, 107)","(114, 60, 37)"
comparator.png,Comparator,base,"(166, 161, 159)","(99, 92, 90)"
comparator_on.png,Comparator,on,"(175, 160, 157)","(111, 91, 87)"
composter_bottom.png,Composter,bottom,"(116, 71, 32)","(45, 15, 2)"
composter_compost.png,Composter Compost,base,"(161, 146, 124)","(92, 74, 52)"
composter_ready.png,Composter Ready,base,"(177, 163, 143)","(114, 95, 71)"
composter_side.png,Composter,side,"(112, 70, 31)","(41, 14, 2)"
composter_top.png,Composter,top,"(210, 186, 166)","(166, 127, 99)"
conduit.png,Conduit,base,"(201, 190, 175)","(151, 133, 111)"
copper_block.png,Copper Block,base,"(192, 107, 79)","(136, 37, 19)"
copper_bulb.png,Copper Bulb,base,"(156, 86, 57)","(86, 23, 9)"
copper_bulb_lit.png,Copper Bulb Lit,base,"(215, 150, 106)","(175, 79, 36)"
copper_bulb_lit_powered.png,Copper Bulb Lit Powered,base,"(216, 149, 106)","(176, 78, 36)"
copper_bulb_powered.png,Copper Bulb Powered,base,"(156, 86, 57)","(86, 23, 9)"
copper_door_bottom.png,Copper Door,bottom,"(180, 103, 77)","(118, 34, 18)"
copper_door_top.png,Copper Door,top,"(156, 88, 67)","(86, 24, 13)"
copper_grate.png,Copper Grate,base,"(134, 75, 55)","(61, 17, 8)"
copper_ore.png,Copper Ore,base,"(124, 125, 120)","(52, 53, 48)"
copper_trapdoor.png,Copper Trapdoor,base,"(151, 84, 63)","(80, 22, 11)"
cornflower.png,Cornflower,base,"(231, 236, 240)","(205, 215, 223)"
cracked_deepslate_bricks.png,Cracked Deepslate Bricks,base,"(64, 64, 65)","(12, 12, 12)"
cracked_deepslate_tiles.png,Cracked Deepslate Tiles,base,"(52, 52, 52)","(7, 7, 7)"
cracked_nether_bricks.png,Cracked Nether Bricks,base,"(40, 20, 23)","(4, 0, 1)"
cracked_polished_blackstone_bricks.png,Cracked Polished Blackstone Bricks,base,"(44, 37, 43)","(5, 3, 5)"
cracked_stone_bricks.png,Cracked Stone Bricks,base,"(118, 117, 118)","(46, 45, 46)"
crafter_bottom.png,Crafter,bottom,"(78, 78, 78)","(18, 18, 18)"
crafter_east.png,Crafter East,base,"(127, 114, 93)","(55, 43, 27)"
crafter_east_crafting.png,Crafter East Crafting,base,"(128, 114, 93)","(55, 43, 27)"
crafter_east_triggered.png,Crafter East Triggered,base,"(128, 114, 93)","(55, 43, 27)"
crafter_north.png,Crafter North,base,"(113, 108, 100)","(42, 38, 32)"
crafter_north_crafting.png,Crafter North Crafting,base,"(103, 95, 82)","(34, 29, 21)"
crafter_south.png,Crafter South,base,"(123, 112, 96)","(51, 41, 29)"
crafter_south_triggered.png,Crafter South Triggered,base,"(126, 112, 96)","(54, 41, 29)"
crafter_top.png,Crafter,top,"(112, 98, 99)","(41, 31, 31)"
crafter_top_crafting.png,Crafter Crafting,top,"(139, 100, 100)","(67, 32, 32)"
crafter_top_triggered.png,Crafter Triggered,top,"(114, 98, 99)","(43, 31, 31)"
crafter_west.png,Crafter West,base,"(128, 115, 94)","(55, 44, 28)"
crafter_west_crafting.png,Crafter West Crafting,base,"(130, 115, 94)","(57, 44, 28)"
crafter_west_triggered.png,Crafter West Triggered,base,"(130, 115, 94)","(57, 44, 28)"
crafting_table_front.png,Crafting Table,front,"(129, 105, 70)","(56, 36, 14)"
crafting_table_side.png,Crafting Table,side,"(128, 102, 63)","(55, 33, 11)"
crafting_table_top.png,Crafting Table,top,"(119, 73, 42)","(47, 16, 4)"
creaking_heart.png,Creaking Heart,base,"(82, 68, 63)","(21, 13, 11)"
creaking_heart_awake.png,Creaking Heart Awake,base,"(149, 84, 49)","(78, 22, 6)"
creaking_heart_dormant.png,Creaking Heart Dormant,base,"(102, 66, 49)","(33, 13, 6)"
creaking_heart_top.png,Creaking Heart,top,"(73, 59, 54)","(16, 10, 8)"
creaking_heart_top_awake.png,Creaking Heart Awake,top,"(153, 84, 44)","(82, 22, 5)"
creaking_heart_top_dormant.png,Creaking Heart Dormant,top,"(101, 64, 44)","(33, 12, 5)"
crimson_door_bottom.png,Crimson Door,bottom,"(115, 55, 79)","(44, 8, 19)"
crimson_door_top.png,Crimson Door,top,"(114, 54, 79)","(43, 8, 19)"
crimson_fungus.png,Crimson Fungus,base,"(33, 10, 6)","(2, 0, 0)"
crimson_nylium.png,Crimson Nylium,base,"(130, 31, 31)","(57, 2, 2)"
crimson_nylium_side.png,Crimson Nylium,side,"(107, 26, 26)","(37, 1, 1)"
crimson_planks.png,Crimson Planks,base,"(101, 48, 70)","(33, 6, 14)"
crimson_roots.png,Crimson Roots,base,"(44, 2, 14)","(5, 0, 0)"
crimson_roots_pot.png,Crimson Roots Pot,base,"(31, 2, 10)","(2, 0, 0)"
crimson_stem.png,Crimson Stem,base,"(92, 25, 29)","(27, 1, 2)"
crimson_stem_top.png,Crimson Stem,top,"(112, 49, 70)","(41, 6, 14)"
crimson_trapdoor.png,Crimson Trapdoor,base,"(87, 42, 61)","(23, 4, 10)"
crying_obsidian.png,Crying Obsidian,base,"(32, 10, 60)","(2, 0, 10)"
cut_copper.png,Cut Copper,base,"(191, 106, 80)","(135, 36, 19)"
cut_red_sandstone.png,Cut Red Sandstone,base,"(189, 101, 31)","(131, 33, 2)"
cut_sandstone.png,Cut Sandstone,base,"(217, 206, 159)","(178, 159, 90)"
cyan_candle.png,Cyan Candle,base,"(1, 10, 10)","(0, 0, 0)"
cyan_candle_lit.png,Cyan Candle Lit,base,"(3, 12, 11)","(0, 0, 0)"
cyan_concrete.png,Cyan Concrete,base,"(21, 119, 136)","(1, 47, 63)"
cyan_concrete_powder.png,Cyan Concrete Powder,base,"(36, 147, 157)","(3, 75, 87)"
cyan_glazed_terracotta.png,Cyan Glazed Terracotta,base,"(52, 118, 125)","(7, 46, 53)"
cyan_shulker_box.png,Cyan Shulker Box,base,"(20, 121, 135)","(0, 49, 62)"
cyan_stained_glass.png,Cyan Stained Glass,base,"(76, 127, 153)","(17, 55, 82)"
cyan_stained_glass_pane_top.png,Cyan Stained Glass Pane,top,"(9, 15, 18)","(0, 0, 0)"
cyan_terracotta.png,Cyan Terracotta,base,"(86, 91, 91)","(23, 26, 26)"
cyan_wool.png,Cyan Wool,base,"(21, 137, 145)","(1, 65, 73)"
damaged_anvil_top.png,Damaged Anvil,top,"(45, 45, 45)","(5, 5, 5)"
dandelion.png,Dandelion,base,"(18, 21, 5)","(0, 1, 0)"
dark_oak_door_bottom.png,Dark Oak Door,bottom,"(73, 49, 23)","(16, 6, 1)"
dark_oak_door_top.png,Dark Oak Door,top,"(76, 51, 25)","(17, 7, 1)"
dark_oak_leaves.png,Dark Oak Leaves,base,"(105, 105, 105)","(36, 36, 36)"
dark_oak_log.png,Dark Oak Log,base,"(60, 46, 26)","(10, 5, 1)"
dark_oak_log_top.png,Dark Oak Log,top,"(67, 45, 22)","(13, 5, 1)"
dark_oak_planks.png,Dark Oak Planks,base,"(66, 43, 20)","(13, 5, 0)"
dark_oak_sapling.png,Dark Oak Sapling,base,"(26, 38, 13)","(1, 3, 0)"
dark_oak_trapdoor.png,Dark Oak Trapdoor,base,"(75, 49, 23)","(17, 6, 1)"
dark_prismarine.png,Dark Prismarine,base,"(51, 91, 75)","(7, 26, 17)"
daylight_detector_inverted_top.png,Daylight Detector Inverted,top,"(106, 109, 112)","(36, 39, 41)"
daylight_detector_side.png,Daylight Detector,side,"(66, 55, 35)","(13, 8, 3)"
daylight_detector_top.png,Daylight Detector,top,"(130, 116, 94)","(57, 45, 28)"
dead_brain_coral.png,Dead Brain Coral,base,"(58, 54, 52)","(9, 8, 7)"
dead_brain_coral_block.png,Dead Brain Coral Block,base,"(124, 117, 114)","(52, 45, 43)"
dead_brain_coral_fan.png,Dead Brain Coral Fan,base,"(49, 46, 45)","(6, 5, 5)"
dead_bubble_coral.png,Dead Bubble Coral,base,"(68, 64, 62)","(13, 12, 11)"
dead_bubble_coral_block.png,Dead Bubble Coral Block,base,"(131, 123, 119)","(58, 51, 47)"
dead_bubble_coral_fan.png,Dead Bubble Coral Fan,base,"(61, 58, 56)","(10, 9, 9)"
dead_bush.png,Dead Bush,base,"(32, 24, 12)","(2, 1, 0)"
dead_fire_coral.png,Dead Fire Coral,base,"(58, 54, 52)","(9, 8, 7)"
dead_fire_coral_block.png,Dead Fire Coral Block,base,"(131, 123, 119)","(58, 51, 47)"
dead_fire_coral_fan.png,Dead Fire Coral Fan,base,"(51, 48, 47)","(7, 6, 6)"
dead_horn_coral.png,Dead Horn Coral,base,"(55, 52, 50)","(8, 7, 7)"
dead_horn_coral_block.png,Dead Horn Coral Block,base,"(133, 126, 122)","(60, 54, 50)"
dead_horn_coral_fan.png,Dead Horn Coral Fan,base,"(49, 46, 44)","(6, 5, 5)"
dead_tube_coral.png,Dead Tube Coral,base,"(70, 66, 64)","(14, 13, 12)"
dead_tube_coral_block.png,Dead Tube Coral Block,base,"(130, 123, 119)","(57, 51, 47)"
dead_tube_coral_fan.png,Dead Tube Coral Fan,base,"(39, 37, 36)","(4, 3, 3)"
debug.png,Debug,base,"(133, 148, 152)","(60, 77, 81)"
debug2.png,Debug2,base,"(123, 119, 117)","(51, 47, 45)"
deepslate.png,Deepslate,base,"(80, 80, 82)","(19, 19, 21)"
deepslate_bricks.png,Deepslate Bricks,base,"(70, 70, 71)","(14, 14, 15)"
deepslate_coal_ore.png,Deepslate Coal Ore,base,"(74, 74, 76)","(16, 16, 17)"
deepslate_copper_ore.png,Deepslate Copper Ore,base,"(92, 93, 89)","(27, 27, 25)"
deepslate_diamond_ore.png,Deepslate Diamond Ore,base,"(83, 106, 106)","(21, 36, 36)"
deepslate_emerald_ore.png,Deepslate Emerald Ore,base,"(78, 104, 87)","(18, 35, 23)"
deepslate_gold_ore.png,Deepslate Gold Ore,base,"(115, 102, 78)","(44, 33, 18)"
deepslate_iron_ore.png,Deepslate Iron Ore,base,"(106, 99, 94)","(36, 31, 28)"
deepslate_lapis_ore.png,Deepslate Lapis Ore,base,"(79, 90, 115)","(19, 25, 44)"
deepslate_redstone_ore.png,Deepslate Redstone Ore,base,"(104, 73, 74)","(35, 16, 16)"
deepslate_tiles.png,Deepslate Tiles,base,"(54, 54, 55)","(8, 8, 8)"
deepslate_top.png,Deepslate,top,"(87, 87, 89)","(23, 23, 25)"
destroy_stage_0.png,Destroy Stage 0,base,"(252, 252, 252)","(248, 248, 248)"
destroy_stage_1.png,Destroy Stage 1,base,"(248, 248, 248)","(239, 239, 239)"
destroy_stage_2.png,Destroy Stage 2,base,"(243, 243, 243)","(229, 229, 229)"
destroy_stage_3.png,Destroy Stage 3,base,"(238, 238, 238)","(219, 219, 219)"
destroy_stage_4.png,Destroy Stage 4,base,"(230, 230, 230)","(203, 203, 203)"
destroy_stage_5.png,Destroy Stage 5,base,"(222, 222, 222)","(187, 187, 187)"
destroy_stage_6.png,Destroy Stage 6,base,"(212, 212, 212)","(169, 169, 169)"
destroy_stage_7.png,Destroy Stage 7,base,"(195, 195, 195)","(141, 141, 141)"
destroy_stage_8.png,Destroy Stage 8,base,"(177, 177, 177)","(114, 114, 114)"
destroy_stage_9.png,Destroy Stage 9,base,"(167, 167, 167)","(100, 100, 100)"
detector_rail.png,Detector Rail,base,"(74, 63, 55)","(16, 11, 8)"
detector_rail_on.png,Detector Rail,on,"(83, 62, 54)","(21, 11, 8)"
diamond_block.png,Diamond Block,base,"(98, 237, 228)","(31, 217, 199)"
diamond_ore.png,Diamond Ore,base,"(121, 141, 140)","(49, 69, 68)"
diorite.png,Diorite,base,"(188, 188, 188)","(130, 130, 130)"
dirt.png,Dirt,base,"(134, 96, 67)","(61, 29, 13)"
dirt_path_side.png,Dirt Path,side,"(128, 94, 62)","(55, 28, 11)"
dirt_path_top.png,Dirt Path,top,"(148, 121, 65)","(77, 49, 12)"
dispenser_front.png,Dispenser,front,"(122, 121, 121)","(50, 49, 49)"
dispenser_front_vertical.png,Dispenser Vertical,front,"(98, 97, 97)","(31, 30, 30)"
dragon_egg.png,Dragon Egg,base,"(12, 9, 15)","(0, 0, 0)"
dried_ghast_hydration_0_bottom.png,Dried Ghast Hydration 0,bottom,"(146, 136, 136)","(74, 63, 63)"
dried_ghast_hydration_0_east.png,Dried Ghast Hydration 0 East,base,"(158, 144, 144)","(88, 72, 72)"
dried_ghast_hydration_0_north.png,Dried Ghast Hydration 0 North,base,"(158, 143, 143)","(88, 71, 71)"
dried_ghast_hydration_0_south.png,Dried Ghast Hydration 0 South,base,"(159, 145, 145)","(90, 73, 73)"
dried_ghast_hydration_0_tentacles.png,Dried Ghast Hydration 0 Tentacles,base,"(119, 116, 116)","(47, 45, 45)"
dried_ghast_hydration_0_top.png,Dried Ghast Hydration 0,top,"(159, 145, 145)","(90, 73, 73)"
dried_ghast_hydration_0_west.png,Dried Ghast Hydration 0 West,base,"(162, 147, 147)","(93, 75, 75)"
dried_ghast_hydration_1_bottom.png,Dried Ghast Hydration 1,bottom,"(166, 159, 159)","(99, 90, 90)"
dried_ghast_hydration_1_east.png,Dried Ghast Hydration 1 East,base,"(178, 168, 168)","(115, 101, 101)"
dried_ghast_hydration_1_north.png,Dried Ghast Hydration 1 North,base,"(178, 167, 167)","(115, 100, 100)"
dried_ghast_hydration_1_south.png,Dried Ghast Hydration 1 South,base,"(177, 166, 166)","(114, 99, 99)"
dried_ghast_hydration_1_tentacles.png,Dried Ghast Hydration 1 Tentacles,base,"(145, 142, 142)","(73, 70, 70)"
dried_ghast_hydration_1_top.png,Dried Ghast Hydration 1,top,"(179, 168, 168)","(117, 101, 101)"
dried_ghast_hydration_1_west.png,Dried Ghast Hydration 1 West,base,"(182, 170, 170)","(121, 104, 104)"
dried_ghast_hydration_2_bottom.png,Dried Ghast Hydration 2,bottom,"(189, 183, 183)","(131, 122, 122)"
dried_ghast_hydration_2_east.png,Dried Ghast Hydration 2 East,base,"(199, 192, 192)","(147, 136, 136)"
dried_ghast_hydration_2_north.png,Dried Ghast Hydration 2 North,base,"(198, 191, 191)","(146, 135, 135)"
dried_ghast_hydration_2_south.png,Dried Ghast Hydration 2 South,base,"(197, 190, 190)","(144, 133, 133)"
dried_ghast_hydration_2_tentacles.png,Dried Ghast Hydration 2 Tentacles,base,"(171, 168, 168)","(105, 101, 101)"
dried_ghast_hydration_2_top.png,Dried Ghast Hydration 2,top,"(199, 192, 192)","(147, 136, 136)"
dried_ghast_hydration_2_west.png,Dried Ghast Hydration 2 West,base,"(202, 194, 194)","(152, 139, 139)"
dried_ghast_hydration_3_bottom.png,Dried Ghast Hydration 3,bottom,"(234, 232, 232)","(211, 207, 207)"
dried_ghast_hydration_3_east.png,Dried Ghast Hydration 3 East,base,"(241, 240, 240)","(225, 223, 223)"
dried_ghast_hydration_3_north.png,Dried Ghast Hydration 3 North,base,"(238, 238, 238)","(219, 219, 219)"
dried_ghast_hydration_3_south.png,Dried Ghast Hydration 3 South,base,"(239, 238, 238)","(221, 219, 219)"
dried_ghast_hydration_3_tentacles.png,Dried Ghast Hydration 3 Tentacles,base,"(223, 221, 221)","(189, 186, 186)"
dried_ghast_hydration_3_top.png,Dried Ghast Hydration 3,top,"(241, 240, 240)","(225, 223, 223)"
dried_ghast_hydration_3_west.png,Dried Ghast Hydration 3 West,base,"(243, 242, 242)","(229, 227, 227)"
dried_kelp_bottom.png,Dried Kelp,bottom,"(50, 58, 38)","(7, 9, 3)"
dried_kelp_side.png,Dried Kelp,side,"(38, 48, 29)","(3, 6, 2)"
dried_kelp_top.png,Dried Kelp,top,"(50, 58, 38)","(7, 9, 3)"
dripstone_block.png,Dripstone Block,base,"(134, 107, 92)","(61, 37, 27)"
dropper_front.png,Dropper,front,"(122, 121, 121)","(50, 49, 49)"
dropper_front_vertical.png,Dropper Vertical,front,"(97, 96, 96)","(30, 29, 29)"
emerald_block.png,Emerald Block,base,"(42, 203, 87)","(4, 154, 23)"
emerald_ore.png,Emerald Ore,base,"(108, 136, 115)","(38, 63, 44)"
enchanting_table_bottom.png,Enchanting Table,bottom,"(15, 10, 24)","(0, 0, 1)"
enchanting_table_side.png,Enchanting Table,side,"(37, 34, 42)","(3, 3, 4)"
enchanting_table_top.png,Enchanting Table,top,"(128, 75, 85)","(55, 17, 22)"
end_portal_frame_eye.png,End Portal Frame Eye,base,"(13, 26, 23)","(0, 1, 1)"
end_portal_frame_side.png,End Portal Frame,side,"(122, 132, 99)","(50, 59, 31)"
end_portal_frame_top.png,End Portal Frame,top,"(91, 120, 97)","(26, 48, 30)"
end_rod.png,End Rod,base,"(47, 44, 42)","(6, 5, 4)"
end_stone.png,End Stone,base,"(219, 222, 158)","(182, 187, 88)"
end_stone_bricks.png,End Stone Bricks,base,"(218, 224, 162)","(180, 191, 93)"
exposed_chiseled_copper.png,Exposed Chiseled Copper,base,"(154, 119, 100)","(84, 47, 32)"
exposed_copper.png,Exposed Copper,base,"(161, 125, 103)","(92, 53, 34)"
exposed_copper_bulb.png,Exposed Copper Bulb,base,"(135, 107, 89)","(62, 37, 25)"
exposed_copper_bulb_lit.png,Exposed Copper Bulb Lit,base,"(194, 145, 100)","(139, 73, 32)"
exposed_copper_bulb_lit_powered.png,Exposed Copper Bulb Lit Powered,base,"(195, 144, 99)","(141, 72, 31)"
exposed_copper_bulb_powered.png,Exposed Copper Bulb Powered,base,"(136, 106, 89)","(63, 36, 25)"
exposed_copper_door_bottom.png,Exposed Copper Door,bottom,"(152, 118, 100)","(81, 46, 32)"
exposed_copper_door_top.png,Exposed Copper Door,top,"(133, 100, 86)","(60, 32, 23)"
exposed_copper_grate.png,Exposed Copper Grate,base,"(113, 88, 73)","(42, 24, 16)"
exposed_copper_trapdoor.png,Exposed Copper Trapdoor,base,"(128, 99, 83)","(55, 31, 21)"
exposed_cut_copper.png,Exposed Cut Copper,base,"(154, 121, 101)","(84, 49, 33)"
farmland.png,Farmland,base,"(143, 102, 70)","(71, 33, 14)"
farmland_moist.png,Farmland Moist,base,"(81, 44, 15)","(20, 5, 0)"
fern.png,Fern,base,"(43, 43, 43)","(5, 5, 5)"
fire_0.png,Fire 0,base,"(116, 76, 29)","(45, 17, 2)"
fire_1.png,Fire 1,base,"(121, 79, 28)","(49, 19, 1)"
fire_coral.png,Fire Coral,base,"(71, 16, 19)","(15, 0, 0)"
fire_coral_block.png,Fire Coral Block,base,"(163, 35, 46)","(95, 3, 5)"
fire_coral_fan.png,Fire Coral Fan,base,"(65, 14, 18)","(12, 0, 0)"
firefly_bush.png,Firefly Bush,base,"(52, 50, 26)","(7, 7, 1)"
firefly_bush_emissive.png,Firefly Bush Emissive,base,"(2, 2, 1)","(0, 0, 0)"
fletching_table_front.png,Fletching Table,front,"(173, 155, 111)","(108, 85, 40)"
fletching_table_side.png,Fletching Table,side,"(191, 167, 129)","(135, 100, 56)"
fletching_table_top.png,Fletching Table,top,"(197, 180, 133)","(144, 118, 60)"
flower_pot.png,Flower Pot,base,"(24, 13, 10)","(1, 0, 0)"
flowering_azalea_leaves.png,Flowering Azalea Leaves,base,"(79, 88, 48)","(19, 24, 6)"
flowering_azalea_side.png,Flowering Azalea,side,"(66, 68, 44)","(13, 13, 5)"
flowering_azalea_top.png,Flowering Azalea,top,"(112, 121, 64)","(41, 49, 12)"
frogspawn.png,Frogspawn,base,"(34, 30, 27)","(3, 2, 1)"
frosted_ice_0.png,Frosted Ice 0,base,"(140, 181, 252)","(68, 119, 248)"
frosted_ice_1.png,Frosted Ice 1,base,"(139, 180, 252)","(67, 118, 248)"
frosted_ice_2.png,Frosted Ice 2,base,"(138, 179, 252)","(66, 117, 248)"
frosted_ice_3.png,Frosted Ice 3,base,"(135, 178, 252)","(62, 115, 248)"
furnace_front.png,Furnace,front,"(91, 91, 91)","(26, 26, 26)"
furnace_front_on.png,Furnace,front,"(121, 112, 93)","(49, 41, 27)"
furnace_side.png,Furnace,side,"(120, 120, 120)","(48, 48, 48)"
furnace_top.png,Furnace,top,"(110, 109, 109)","(40, 39, 39)"
gilded_blackstone.png,Gilded Blackstone,base,"(55, 42, 38)","(8, 4, 3)"
glass.png,Glass,base,"(140, 149, 151)","(68, 78, 80)"
glass_pane_top.png,Glass Pane,top,"(21, 26, 27)","(1, 1, 1)"
glow_item_frame.png,Glow Item Frame,base,"(148, 103, 64)","(77, 34, 12)"
glow_lichen.png,Glow Lichen,base,"(46, 53, 49)","(5, 8, 6)"
glowstone.png,Glowstone,base,"(171, 131, 84)","(105, 58, 22)"
gold_block.png,Gold Block,base,"(246, 208, 61)","(235, 162, 10)"
gold_ore.png,Gold Ore,base,"(145, 133, 106)","(73, 60, 36)"
granite.png,Granite,base,"(149, 103, 85)","(78, 34, 22)"
grass_block_side.png,Grass Block,side,"(126, 107, 65)","(54, 37, 12)"
grass_block_side_overlay.png,Grass Block Overlay,side,"(27, 27, 27)","(1, 1, 1)"
grass_block_snow.png,Grass Block Snow,base,"(169, 151, 133)","(103, 80, 60)"
grass_block_top.png,Grass Block,top,"(147, 147, 147)","(75, 75, 75)"
gravel.png,Gravel,base,"(131, 127, 126)","(58, 55, 54)"
gray_candle.png,Gray Candle,base,"(6, 7, 7)","(0, 0, 0)"
gray_candle_lit.png,Gray Candle Lit,base,"(9, 10, 8)","(0, 0, 0)"
gray_concrete.png,Gray Concrete,base,"(54, 57, 61)","(8, 9, 10)"
gray_concrete_powder.png,Gray Concrete Powder,base,"(76, 81, 84)","(17, 20, 22)"
gray_glazed_terracotta.png,Gray Glazed Terracotta,base,"(83, 90, 93)","(21, 25, 27)"
gray_shulker_box.png,Gray Shulker Box,base,"(55, 58, 62)","(8, 9, 11)"
gray_stained_glass.png,Gray Stained Glass,base,"(76, 76, 76)","(17, 17, 17)"
gray_stained_glass_pane_top.png,Gray Stained Glass Pane,top,"(9, 9, 9)","(0, 0, 0)"
gray_terracotta.png,Gray Terracotta,base,"(57, 42, 35)","(9, 4, 3)"
gray_wool.png,Gray Wool,base,"(62, 68, 71)","(11, 13, 15)"
green_candle.png,Green Candle,base,"(5, 7, 1)","(0, 0, 0)"
green_candle_lit.png,Green Candle Lit,base,"(8, 9, 1)","(0, 0, 0)"
green_concrete.png,Green Concrete,base,"(73, 91, 36)","(16, 26, 3)"
green_concrete_powder.png,Green Concrete Powder,base,"(97, 119, 44)","(30, 47, 5)"
green_glazed_terracotta.png,Green Glazed Terracotta,base,"(117, 142, 67)","(45, 70, 13)"
green_shulker_box.png,Green Shulker Box,base,"(79, 100, 31)","(19, 32, 2)"
green_stained_glass.png,Green Stained Glass,base,"(102, 127, 51)","(33, 55, 7)"
green_stained_glass_pane_top.png,Green Stained Glass Pane,top,"(12, 15, 6)","(0, 0, 0)"
green_terracotta.png,Green Terracotta,base,"(76, 83, 42)","(17, 21, 4)"
green_wool.png,Green Wool,base,"(84, 109, 27)","(22, 39, 1)"
grindstone_pivot.png,Grindstone Pivot,base,"(17, 10, 4)","(0, 0, 0)"
grindstone_round.png,Grindstone Round,base,"(53, 53, 53)","(8, 8, 8)"
grindstone_side.png,Grindstone,side,"(78, 78, 78)","(18, 18, 18)"
hanging_roots.png,Hanging Roots,base,"(47, 33, 26)","(6, 2, 1)"
hay_block_side.png,Hay Block,side,"(166, 136, 38)","(99, 63, 3)"
hay_block_top.png,Hay Block,top,"(165, 139, 12)","(97, 67, 0)"
heavy_core.png,Heavy Core,base,"(61, 64, 70)","(10, 12, 14)"
honey_block_bottom.png,Honey Block,bottom,"(241, 146, 17)","(225, 74, 0)"
honey_block_side.png,Honey Block,side,"(250, 188, 57)","(244, 130, 9)"
honey_block_top.png,Honey Block,top,"(251, 185, 52)","(246, 125, 7)"
honeycomb_block.png,Honeycomb Block,base,"(229, 148, 29)","(201, 77, 2)"
hopper_inside.png,Hopper Inside,base,"(49, 49, 53)","(6, 6, 8)"
hopper_outside.png,Hopper Outside,base,"(66, 65, 68)","(13, 12, 13)"
hopper_top.png,Hopper,top,"(46, 45, 46)","(5, 5, 5)"
horn_coral.png,Horn Coral,base,"(81, 72, 24)","(20, 15, 1)"
horn_coral_block.png,Horn Coral Block,base,"(216, 199, 66)","(176, 147, 13)"
horn_coral_fan.png,Horn Coral Fan,base,"(75, 67, 22)","(17, 13, 1)"
ice.png,Ice,base,"(145, 183, 253)","(73, 122, 250)"
iron_bars.png,Iron Bars,base,"(62, 63, 61)","(11, 11, 10)"
iron_block.png,Iron Block,base,"(220, 220, 220)","(184, 184, 184)"
iron_door_bottom.png,Iron Door,bottom,"(195, 194, 194)","(141, 139, 139)"
iron_door_top.png,Iron Door,top,"(157, 156, 156)","(87, 86, 86)"
iron_ore.png,Iron Ore,base,"(136, 129, 122)","(63, 56, 50)"
iron_trapdoor.png,Iron Trapdoor,base,"(174, 173, 173)","(109, 108, 108)"
item_frame.png,Item Frame,base,"(116, 67, 42)","(45, 13, 4)"
jack_o_lantern.png,Jack O Lantern,base,"(214, 152, 52)","(173, 81, 7)"
jigsaw_bottom.png,Jigsaw,bottom,"(34, 27, 37)","(3, 1, 3)"
jigsaw_lock.png,Jigsaw Lock,base,"(45, 38, 47)","(5, 3, 6)"
jigsaw_side.png,Jigsaw,side,"(62, 53, 63)","(11, 8, 11)"
jigsaw_top.png,Jigsaw,top,"(80, 69, 81)","(19, 14, 20)"
jukebox_side.png,Jukebox,side,"(88, 58, 40)","(24, 9, 4)"
jukebox_top.png,Jukebox,top,"(93, 64, 47)","(27, 12, 6)"
jungle_door_bottom.png,Jungle Door,bottom,"(158, 113, 78)","(88, 42, 18)"
jungle_door_top.png,Jungle Door,top,"(144, 105, 74)","(72, 36, 16)"
jungle_leaves.png,Jungle Leaves,base,"(109, 107, 99)","(39, 37, 31)"
jungle_log.png,Jungle Log,base,"(85, 67, 25)","(22, 13, 1)"
jungle_log_top.png,Jungle Log,top,"(149, 109, 70)","(78, 39, 14)"
jungle_planks.png,Jungle Planks,base,"(160, 115, 80)","(91, 44, 19)"
jungle_sapling.png,Jungle Sapling,base,"(15, 27, 5)","(0, 1, 0)"
jungle_trapdoor.png,Jungle Trapdoor,base,"(127, 92, 64)","(55, 27, 12)"
kelp.png,Kelp,base,"(16, 26, 8)","(0, 1, 0)"
kelp_plant.png,Kelp Plant,base,"(33, 50, 16)","(2, 7, 0)"
ladder.png,Ladder,base,"(70, 54, 30)","(14, 8, 2)"
lantern.png,Lantern,base,"(43, 37, 34)","(5, 3, 3)"
lapis_block.png,Lapis Block,base,"(30, 67, 140)","(2, 13, 68)"
lapis_ore.png,Lapis Ore,base,"(107, 117, 141)","(37, 45, 69)"
large_amethyst_bud.png,Large Amethyst Bud,base,"(49, 38, 61)","(6, 3, 10)"
large_fern_bottom.png,Large Fern,bottom,"(170, 170, 170)","(104, 104, 104)"
large_fern_top.png,Large Fern,top,"(50, 51, 50)","(7, 7, 7)"
lava_flow.png,Lava Flow,base,"(207, 91, 19)","(161, 26, 0)"
lava_still.png,Lava Still,base,"(212, 90, 18)","(169, 25, 0)"
leaf_litter.png,Leaf Litter,base,"(78, 78, 78)","(18, 18, 18)"
lectern_base.png,Lectern Base,base,"(162, 120, 74)","(93, 48, 16)"
lectern_front.png,Lectern,front,"(129, 100, 55)","(56, 32, 8)"
lectern_sides.png,Lectern Sides,side,"(149, 117, 67)","(78, 45, 13)"
lectern_top.png,Lectern,top,"(173, 137, 83)","(108, 65, 21)"
lever.png,Lever,base,"(8, 7, 5)","(0, 0, 0)"
light_blue_candle.png,Light Blue Candle,base,"(2, 11, 16)","(0, 0, 0)"
light_blue_candle_lit.png,Light Blue Candle Lit,base,"(5, 13, 16)","(0, 0, 0)"
light_blue_concrete.png,Light Blue Concrete,base,"(35, 137, 198)","(3, 65, 146)"
light_blue_concrete_powder.png,Light Blue Concrete Powder,base,"(74, 180, 213)","(16, 118, 171)"
light_blue_glazed_terracotta.png,Light Blue Glazed Terracotta,base,"(94, 164, 208)","(28, 96, 162)"
light_blue_shulker_box.png,Light Blue Shulker Box,base,"(49, 163, 212)","(6, 95, 169)"
light_blue_stained_glass.png,Light Blue Stained Glass,base,"(102, 153, 216)","(33, 82, 176)"
light_blue_stained_glass_pane_top.png,Light Blue Stained Glass Pane,top,"(12, 18, 26)","(0, 0, 1)"
light_blue_terracotta.png,Light Blue Terracotta,base,"(113, 108, 137)","(42, 38, 65)"
light_blue_wool.png,Light Blue Wool,base,"(58, 175, 217)","(9, 111, 178)"
light_gray_candle.png,Light Gray Candle,base,"(9, 9, 9)","(0, 0, 0)"
light_gray_candle_lit.png,Light Gray Candle Lit,base,"(12, 12, 10)","(0, 0, 0)"
light_gray_concrete.png,Light Gray Concrete,base,"(125, 125, 115)","(53, 53, 44)"
light_gray_concrete_powder.png,Light Gray Concrete Powder,base,"(154, 154, 148)","(84, 84, 77)"
light_gray_glazed_terracotta.png,Light Gray Glazed Terracotta,base,"(144, 166, 167)","(72, 99, 100)"
light_gray_shulker_box.png,Light Gray Shulker Box,base,"(124, 124, 115)","(52, 52, 44)"
light_gray_stained_glass.png,Light Gray Stained Glass,base,"(153, 153, 153)","(82, 82, 82)"
light_gray_stained_glass_pane_top.png,Light Gray Stained Glass Pane,top,"(18, 18, 18)","(0, 0, 0)"
light_gray_terracotta.png,Light Gray Terracotta,base,"(135, 106, 97)","(62, 36, 30)"
light_gray_wool.png,Light Gray Wool,base,"(142, 142, 134)","(70, 70, 61)"
lightning_rod.png,Lightning Rod,base,"(30, 17, 12)","(2, 0, 0)"
lightning_rod_on.png,Lightning Rod,on,"(255, 255, 255)","(255, 255, 255)"
lilac_bottom.png,Lilac,bottom,"(48, 43, 44)","(6, 5, 5)"
lilac_top.png,Lilac,top,"(45, 36, 43)","(5, 3, 5)"
lily_of_the_valley.png,Lily Of The Valley,base,"(25, 35, 19)","(1, 3, 0)"
lily_pad.png,Lily Pad,base,"(78, 78, 78)","(18, 18, 18)"
lime_candle.png,Lime Candle,base,"(8, 14, 1)","(0, 0, 0)"
lime_candle_lit.png,Lime Candle Lit,base,"(10, 14, 2)","(0, 0, 0)"
lime_concrete.png,Lime Concrete,base,"(94, 168, 24)","(28, 101, 1)"
lime_concrete_powder.png,Lime Concrete Powder,base,"(125, 189, 41)","(53, 131, 4)"
lime_glazed_terracotta.png,Lime Glazed Terracotta,base,"(162, 197, 55)","(93, 144, 8)"
lime_shulker_box.png,Lime Shulker Box,base,"(99, 172, 23)","(31, 107, 1)"
lime_stained_glass.png,Lime Stained Glass,base,"(127, 204, 25)","(55, 156, 1)"
lime_stained_glass_pane_top.png,Lime Stained Glass Pane,top,"(15, 24, 3)","(0, 1, 0)"
lime_terracotta.png,Lime Terracotta,base,"(103, 117, 52)","(34, 45, 7)"
lime_wool.png,Lime Wool,base,"(112, 185, 25)","(41, 125, 1)"
lodestone_side.png,Lodestone,side,"(119, 119, 123)","(47, 47, 51)"
lodestone_top.png,Lodestone,top,"(147, 149, 152)","(75, 78, 81)"
loom_bottom.png,Loom,bottom,"(76, 60, 36)","(17, 10, 3)"
loom_front.png,Loom,front,"(148, 118, 82)","(77, 46, 21)"
loom_side.png,Loom,side,"(145, 101, 72)","(73, 33, 15)"
loom_top.png,Loom,top,"(142, 119, 91)","(70, 47, 26)"
magenta_candle.png,Magenta Candle,base,"(13, 3, 12)","(0, 0, 0)"
magenta_candle_lit.png,Magenta Candle Lit,base,"(14, 5, 13)","(0, 0, 0)"
magenta_concrete.png,Magenta Concrete,base,"(169, 48, 159)","(103, 6, 90)"
magenta_concrete_powder.png,Magenta Concrete Powder,base,"(192, 83, 184)","(136, 21, 124)"
magenta_glazed_terracotta.png,Magenta Glazed Terracotta,base,"(208, 100, 191)","(162, 32, 135)"
magenta_shulker_box.png,Magenta Shulker Box,base,"(173, 54, 163)","(108, 8, 95)"
magenta_stained_glass.png,Magenta Stained Glass,base,"(178, 76, 216)","(115, 17, 176)"
magenta_stained_glass_pane_top.png,Magenta Stained Glass Pane,top,"(21, 9, 26)","(1, 0, 1)"
magenta_terracotta.png,Magenta Terracotta,base,"(149, 88, 108)","(78, 24, 38)"
magenta_wool.png,Magenta Wool,base,"(189, 68, 179)","(131, 13, 117)"
magma.png,Magma,base,"(142, 63, 31)","(70, 11, 2)"
mangrove_door_bottom.png,Mangrove Door,bottom,"(112, 47, 46)","(41, 6, 5)"
mangrove_door_top.png,Mangrove Door,top,"(112, 48, 46)","(41, 6, 5)"
mangrove_leaves.png,Mangrove Leaves,base,"(107, 106, 106)","(37, 36, 36)"
mangrove_log.png,Mangrove Log,base,"(83, 66, 41)","(21, 13, 4)"
mangrove_log_top.png,Mangrove Log,top,"(102, 48, 42)","(33, 6, 4)"
mangrove_planks.png,Mangrove Planks,base,"(117, 54, 48)","(45, 8, 6)"
mangrove_propagule.png,Mangrove Propagule,base,"(12, 22, 10)","(0, 1, 0)"
mangrove_propagule_hanging.png,Mangrove Propagule Hanging,base,"(22, 28, 14)","(1, 1, 0)"
mangrove_roots_side.png,Mangrove Roots,side,"(41, 32, 21)","(4, 2, 1)"
mangrove_roots_top.png,Mangrove Roots,top,"(51, 41, 26)","(7, 4, 1)"
mangrove_trapdoor.png,Mangrove Trapdoor,base,"(97, 40, 37)","(30, 4, 3)"
medium_amethyst_bud.png,Medium Amethyst Bud,base,"(31, 24, 40)","(2, 1, 4)"
melon_side.png,Melon,side,"(114, 146, 30)","(43, 74, 2)"
melon_stem.png,Melon Stem,base,"(21, 21, 21)","(1, 1, 1)"
melon_top.png,Melon,top,"(111, 144, 30)","(40, 72, 2)"
moss_block.png,Moss Block,base,"(89, 109, 45)","(25, 39, 5)"
mossy_cobblestone.png,Mossy Cobblestone,base,"(110, 118, 94)","(40, 46, 28)"
mossy_stone_bricks.png,Mossy Stone Bricks,base,"(115, 121, 105)","(44, 49, 36)"
mud.png,Mud,base,"(60, 57, 60)","(10, 9, 10)"
mud_bricks.png,Mud Bricks,base,"(137, 103, 79)","(65, 34, 19)"
muddy_mangrove_roots_side.png,Muddy Mangrove Roots,side,"(68, 58, 48)","(13, 9, 6)"
muddy_mangrove_roots_top.png,Muddy Mangrove Roots,top,"(70, 58, 45)","(14, 9, 5)"
mushroom_block_inside.png,Mushroom Block Inside,base,"(201, 170, 120)","(151, 104, 48)"
mushroom_stem.png,Mushroom Stem,base,"(203, 196, 185)","(154, 142, 125)"
mycelium_side.png,Mycelium,side,"(113, 87, 71)","(42, 23, 15)"
mycelium_top.png,Mycelium,top,"(111, 98, 101)","(40, 31, 33)"
nether_bricks.png,Nether Bricks,base,"(44, 21, 26)","(5, 1, 1)"
nether_gold_ore.png,Nether Gold Ore,base,"(115, 54, 42)","(44, 8, 4)"
nether_portal.png,Nether Portal,base,"(87, 10, 191)","(23, 0, 135)"
nether_quartz_ore.png,Nether Quartz Ore,base,"(117, 65, 62)","(45, 12, 11)"
nether_sprouts.png,Nether Sprouts,base,"(2, 18, 16)","(0, 0, 0)"
nether_wart_block.png,Nether Wart Block,base,"(114, 2, 2)","(43, 0, 0)"
nether_wart_stage0.png,Nether Wart Stage0,base,"(20, 3, 3)","(0, 0, 0)"
nether_wart_stage1.png,Nether Wart Stage1,base,"(53, 7, 8)","(8, 0, 0)"
nether_wart_stage2.png,Nether Wart Stage2,base,"(69, 11, 11)","(14, 0, 0)"
netherite_block.png,Netherite Block,base,"(66, 61, 63)","(13, 10, 11)"
netherrack.png,Netherrack,base,"(97, 38, 38)","(30, 3, 3)"
note_block.png,Note Block,base,"(88, 58, 40)","(24, 9, 4)"
oak_door_bottom.png,Oak Door,bottom,"(138, 108, 62)","(66, 38, 11)"
oak_door_top.png,Oak Door,top,"(114, 90, 53)","(43, 25, 8)"
oak_leaves.png,Oak Leaves,base,"(96, 96, 96)","(29, 29, 29)"
oak_log.png,Oak Log,base,"(109, 85, 50)","(39, 22, 7)"
oak_log_top.png,Oak Log,top,"(151, 121, 73)","(80, 49, 16)"
oak_planks.png,Oak Planks,base,"(162, 130, 78)","(93, 57, 18)"
oak_sapling.png,Oak Sapling,base,"(33, 46, 17)","(2, 5, 0)"
oak_trapdoor.png,Oak Trapdoor,base,"(107, 85, 48)","(37, 22, 6)"
observer_back.png,Observer,back,"(71, 69, 69)","(15, 14, 14)"
observer_back_on.png,Observer,back,"(76, 68, 68)","(17, 13, 13)"
observer_front.png,Observer,front,"(103, 103, 103)","(34, 34, 34)"
observer_side.png,Observer,side,"(70, 68, 68)","(14, 13, 13)"
observer_top.png,Observer,top,"(98, 98, 98)","(31, 31, 31)"
obsidian.png,Obsidian,base,"(15, 10, 24)","(0, 0, 1)"
ochre_froglight_side.png,Ochre Froglight,side,"(245, 233, 181)","(233, 209, 119)"
ochre_froglight_top.png,Ochre Froglight,top,"(250, 245, 206)","(244, 233, 159)"
open_eyeblossom.png,Open Eyeblossom,base,"(28, 26, 26)","(1, 1, 1)"
open_eyeblossom_emissive.png,Open Eyeblossom Emissive,base,"(3, 2, 0)","(0, 0, 0)"
orange_candle.png,Orange Candle,base,"(17, 8, 0)","(0, 0, 0)"
orange_candle_lit.png,Orange Candle Lit,base,"(18, 10, 2)","(0, 0, 0)"
orange_concrete.png,Orange Concrete,base,"(224, 97, 0)","(191, 30, 0)"
orange_concrete_powder.png,Orange Concrete Powder,base,"(227, 131, 31)","(197, 58, 2)"
orange_glazed_terracotta.png,Orange Glazed Terracotta,base,"(154, 147, 91)","(84, 75, 26)"
orange_shulker_box.png,Orange Shulker Box,base,"(234, 106, 8)","(211, 36, 0)"
orange_stained_glass.png,Orange Stained Glass,base,"(216, 127, 51)","(176, 55, 7)"
orange_stained_glass_pane_top.png,Orange Stained Glass Pane,top,"(26, 15, 6)","(1, 0, 0)"
orange_terracotta.png,Orange Terracotta,base,"(161, 83, 37)","(92, 21, 3)"
orange_tulip.png,Orange Tulip,base,"(14, 22, 4)","(0, 1, 0)"
orange_wool.png,Orange Wool,base,"(240, 118, 19)","(223, 46, 0)"
oxeye_daisy.png,Oxeye Daisy,base,"(35, 40, 28)","(3, 4, 1)"
oxidized_chiseled_copper.png,Oxidized Chiseled Copper,base,"(83, 161, 132)","(21, 92, 59)"
oxidized_copper.png,Oxidized Copper,base,"(82, 162, 132)","(21, 93, 59)"
oxidized_copper_bulb.png,Oxidized Copper Bulb,base,"(70, 132, 109)","(14, 59, 39)"
oxidized_copper_bulb_lit.png,Oxidized Copper Bulb Lit,base,"(134, 154, 104)","(61, 84, 35)"
oxidized_copper_bulb_lit_powered.png,Oxidized Copper Bulb Lit Powered,base,"(136, 152, 102)","(63, 81, 33)"
oxidized_copper_bulb_powered.png,Oxidized Copper Bulb Powered,base,"(72, 130, 108)","(15, 57, 38)"
oxidized_copper_door_bottom.png,Oxidized Copper Door,bottom,"(79, 153, 127)","(19, 82, 55)"
oxidized_copper_door_top.png,Oxidized Copper Door,top,"(66, 130, 107)","(13, 57, 37)"
oxidized_copper_grate.png,Oxidized Copper Grate,base,"(57, 112, 91)","(9, 41, 26)"
oxidized_copper_trapdoor.png,Oxidized Copper Trapdoor,base,"(66, 128, 105)","(13, 55, 36)"
oxidized_cut_copper.png,Oxidized Cut Copper,base,"(79, 153, 126)","(19, 82, 54)"
packed_ice.png,Packed Ice,base,"(141, 180, 250)","(69, 118, 244)"
packed_mud.png,Packed Mud,base,"(142, 106, 79)","(70, 36, 19)"
pale_hanging_moss.png,Pale Hanging Moss,base,"(47, 49, 46)","(6, 6, 5)"
pale_hanging_moss_tip.png,Pale Hanging Moss Tip,base,"(33, 34, 32)","(2, 3, 2)"
pale_moss_block.png,Pale Moss Block,base,"(106, 112, 104)","(36, 41, 35)"
pale_moss_carpet.png,Pale Moss Carpet,base,"(106, 112, 104)","(36, 41, 35)"
pale_moss_carpet_side_small.png,Pale Moss Carpet Small,side,"(21, 23, 21)","(1, 1, 1)"
pale_moss_carpet_side_tall.png,Pale Moss Carpet Tall,side,"(53, 56, 53)","(8, 9, 8)"
pale_oak_door_bottom.png,Pale Oak Door,bottom,"(199, 190, 189)","(147, 133, 131)"
pale_oak_door_top.png,Pale Oak Door,top,"(216, 208, 206)","(176, 162, 159)"
pale_oak_leaves.png,Pale Oak Leaves,base,"(94, 99, 93)","(28, 31, 27)"
pale_oak_log.png,Pale Oak Log,base,"(87, 77, 75)","(23, 18, 17)"
pale_oak_log_top.png,Pale Oak Log,top,"(198, 189, 187)","(146, 131, 128)"
pale_oak_planks.png,Pale Oak Planks,base,"(227, 217, 216)","(197, 178, 176)"
pale_oak_sapling.png,Pale Oak Sapling,base,"(44, 42, 40)","(5, 4, 4)"
pale_oak_trapdoor.png,Pale Oak Trapdoor,base,"(229, 220, 218)","(201, 184, 180)"
pearlescent_froglight_side.png,Pearlescent Froglight,side,"(235, 224, 228)","(213, 191, 199)"
pearlescent_froglight_top.png,Pearlescent Froglight,top,"(245, 240, 239)","(233, 223, 221)"
peony_bottom.png,Peony,bottom,"(47, 55, 51)","(6, 8, 7)"
peony_top.png,Peony,top,"(55, 54, 59)","(8, 8, 10)"
pink_candle.png,Pink Candle,base,"(17, 8, 11)","(0, 0, 0)"
pink_candle_lit.png,Pink Candle Lit,base,"(17, 10, 12)","(0, 0, 0)"
pink_concrete.png,Pink Concrete,base,"(213, 101, 142)","(171, 33, 70)"
pink_concrete_powder.png,Pink Concrete Powder,base,"(228, 153, 181)","(199, 82, 119)"
pink_glazed_terracotta.png,Pink Glazed Terracotta,base,"(235, 154, 181)","(213, 84, 119)"
pink_petals.png,Pink Petals,base,"(99, 72, 87)","(31, 15, 23)"
pink_petals_stem.png,Pink Petals Stem,base,"(1, 1, 1)","(0, 0, 0)"
pink_shulker_box.png,Pink Shulker Box,base,"(230, 121, 157)","(203, 49, 87)"
pink_stained_glass.png,Pink Stained Glass,base,"(242, 127, 165)","(227, 55, 97)"
pink_stained_glass_pane_top.png,Pink Stained Glass Pane,top,"(29, 15, 19)","(2, 0, 0)"
pink_terracotta.png,Pink Terracotta,base,"(161, 78, 78)","(92, 18, 18)"
pink_tulip.png,Pink Tulip,base,"(15, 25, 12)","(0, 1, 0)"
pink_wool.png,Pink Wool,base,"(237, 141, 172)","(217, 69, 107)"
piston_bottom.png,Piston,bottom,"(97, 96, 96)","(30, 29, 29)"
piston_inner.png,Piston Inner,base,"(97, 97, 97)","(30, 30, 30)"
piston_side.png,Piston,side,"(109, 104, 96)","(39, 35, 29)"
piston_top.png,Piston,top,"(153, 127, 85)","(82, 55, 22)"
piston_top_sticky.png,Piston Sticky,top,"(122, 149, 91)","(50, 78, 26)"
pitcher_crop_bottom.png,Pitcher Crop,bottom,"(56, 32, 20)","(9, 2, 0)"
pitcher_crop_bottom_stage_1.png,Pitcher Crop Stage 1,bottom,"(25, 27, 15)","(1, 1, 0)"
pitcher_crop_bottom_stage_2.png,Pitcher Crop Stage 2,bottom,"(38, 42, 26)","(3, 4, 1)"
pitcher_crop_bottom_stage_3.png,Pitcher Crop Stage 3,bottom,"(29, 34, 20)","(2, 3, 0)"
pitcher_crop_bottom_stage_4.png,Pitcher Crop Stage 4,bottom,"(33, 40, 29)","(2, 4, 2)"
pitcher_crop_side.png,Pitcher Crop,side,"(41, 29, 18)","(4, 2, 0)"
pitcher_crop_top.png,Pitcher Crop,top,"(75, 64, 40)","(17, 12, 4)"
pitcher_crop_top_stage_3.png,Pitcher Crop Stage 3,top,"(36, 47, 35)","(3, 6, 3)"
pitcher_crop_top_stage_4.png,Pitcher Crop Stage 4,top,"(56, 67, 87)","(9, 13, 23)"
podzol_side.png,Podzol,side,"(122, 87, 57)","(50, 23, 9)"
podzol_top.png,Podzol,top,"(91, 63, 24)","(26, 11, 1)"
pointed_dripstone_down_base.png,Pointed Dripstone Down Base,base,"(116, 92, 80)","(45, 27, 19)"
pointed_dripstone_down_frustum.png,Pointed Dripstone Down Frustum,base,"(83, 66, 57)","(21, 13, 9)"
pointed_dripstone_down_middle.png,Pointed Dripstone Down Middle,base,"(94, 75, 65)","(28, 17, 12)"
pointed_dripstone_down_tip.png,Pointed Dripstone Down Tip,base,"(28, 22, 19)","(1, 1, 0)"
pointed_dripstone_down_tip_merge.png,Pointed Dripstone Down Tip Merge,base,"(46, 37, 32)","(5, 3, 2)"
pointed_dripstone_up_base.png,Pointed Dripstone Up Base,base,"(116, 92, 80)","(45, 27, 19)"
pointed_dripstone_up_frustum.png,Pointed Dripstone Up Frustum,base,"(83, 66, 57)","(21, 13, 9)"
pointed_dripstone_up_middle.png,Pointed Dripstone Up Middle,base,"(94, 75, 65)","(28, 17, 12)"
pointed_dripstone_up_tip.png,Pointed Dripstone Up Tip,base,"(28, 22, 19)","(1, 1, 0)"
pointed_dripstone_up_tip_merge.png,Pointed Dripstone Up Tip Merge,base,"(46, 37, 32)","(5, 3, 2)"
polished_andesite.png,Polished Andesite,base,"(132, 134, 133)","(59, 61, 60)"
polished_basalt_side.png,Polished Basalt,side,"(88, 88, 91)","(24, 24, 26)"
polished_basalt_top.png,Polished Basalt,top,"(99, 98, 100)","(31, 31, 32)"
polished_blackstone.png,Polished Blackstone,base,"(53, 48, 56)","(8, 6, 9)"
polished_blackstone_bricks.png,Polished Blackstone Bricks,base,"(48, 42, 49)","(6, 4, 6)"
polished_deepslate.png,Polished Deepslate,base,"(72, 72, 73)","(15, 15, 16)"
polished_diorite.png,Polished Diorite,base,"(192, 193, 194)","(136, 138, 139)"
polished_granite.png,Polished Granite,base,"(154, 106, 89)","(84, 36, 25)"
polished_tuff.png,Polished Tuff,base,"(97, 104, 99)","(30, 35, 31)"
poppy.png,Poppy,base,"(17, 8, 5)","(0, 0, 0)"
potatoes_stage0.png,Potatoes Stage0,base,"(3, 7, 2)","(0, 0, 0)"
potatoes_stage1.png,Potatoes Stage1,base,"(6, 13, 4)","(0, 0, 0)"
potatoes_stage2.png,Potatoes Stage2,base,"(15, 22, 8)","(0, 1, 0)"
potatoes_stage3.png,Potatoes Stage3,base,"(26, 42, 14)","(1, 4, 0)"
potted_azalea_bush_plant.png,Potted Azalea Bush Plant,base,"(28, 32, 13)","(1, 2, 0)"
potted_azalea_bush_side.png,Potted Azalea Bush,side,"(21, 26, 10)","(1, 1, 0)"
potted_azalea_bush_top.png,Potted Azalea Bush,top,"(25, 30, 11)","(1, 2, 0)"
potted_flowering_azalea_bush_plant.png,Potted Flowering Azalea Bush Plant,base,"(30, 31, 17)","(2, 2, 0)"
potted_flowering_azalea_bush_side.png,Potted Flowering Azalea Bush,side,"(24, 25, 15)","(1, 1, 0)"
potted_flowering_azalea_bush_top.png,Potted Flowering Azalea Bush,top,"(28, 29, 17)","(1, 2, 0)"
powder_snow.png,Powder Snow,base,"(248, 253, 253)","(239, 250, 250)"
powered_rail.png,Powered Rail,base,"(92, 73, 49)","(27, 16, 6)"
powered_rail_on.png,Powered Rail,on,"(103, 73, 49)","(34, 16, 6)"
prismarine.png,Prismarine,base,"(99, 156, 151)","(31, 86, 80)"
prismarine_bricks.png,Prismarine Bricks,base,"(99, 171, 158)","(31, 105, 88)"
pumpkin_side.png,Pumpkin,side,"(195, 114, 24)","(141, 43, 1)"
pumpkin_stem.png,Pumpkin Stem,base,"(21, 21, 21)","(1, 1, 1)"
pumpkin_top.png,Pumpkin,top,"(198, 118, 24)","(146, 46, 1)"
purple_candle.png,Purple Candle,base,"(8, 2, 13)","(0, 0, 0)"
purple_candle_lit.png,Purple Candle Lit,base,"(10, 2, 11)","(0, 0, 0)"
purple_concrete.png,Purple Concrete,base,"(100, 31, 156)","(32, 2, 86)"
purple_concrete_powder.png,Purple Concrete Powder,base,"(131, 55, 177)","(58, 8, 114)"
purple_glazed_terracotta.png,Purple Glazed Terracotta,base,"(109, 47, 152)","(39, 6, 81)"
purple_shulker_box.png,Purple Shulker Box,base,"(103, 32, 156)","(34, 2, 86)"
purple_stained_glass.png,Purple Stained Glass,base,"(127, 63, 178)","(55, 11, 115)"
purple_stained_glass_pane_top.png,Purple Stained Glass Pane,top,"(15, 7, 21)","(0, 0, 1)"
purple_terracotta.png,Purple Terracotta,base,"(118, 70, 86)","(46, 14, 23)"
purple_wool.png,Purple Wool,base,"(121, 42, 172)","(49, 4, 107)"
purpur_block.png,Purpur Block,base,"(169, 125, 169)","(103, 53, 103)"
purpur_pillar.png,Purpur Pillar,base,"(171, 129, 171)","(105, 56, 105)"
purpur_pillar_top.png,Purpur Pillar,top,"(171, 128, 171)","(105, 55, 105)"
quartz_block_bottom.png,Quartz Block,bottom,"(236, 230, 223)","(215, 203, 189)"
quartz_block_side.png,Quartz Block,side,"(235, 229, 222)","(213, 201, 187)"
quartz_block_top.png,Quartz Block,top,"(235, 229, 222)","(213, 201, 187)"
quartz_bricks.png,Quartz Bricks,base,"(234, 229, 221)","(211, 201, 186)"
quartz_pillar.png,Quartz Pillar,base,"(235, 230, 224)","(213, 203, 191)"
quartz_pillar_top.png,Quartz Pillar,top,"(235, 229, 222)","(213, 201, 187)"
rail.png,Rail,base,"(70, 62, 49)","(14, 11, 6)"
rail_corner.png,Rail Corner,base,"(54, 48, 37)","(8, 6, 3)"
raw_copper_block.png,Raw Copper Block,base,"(154, 105, 79)","(84, 36, 19)"
raw_gold_block.png,Raw Gold Block,base,"(221, 169, 46)","(186, 103, 5)"
raw_iron_block.png,Raw Iron Block,base,"(166, 135, 107)","(99, 62, 37)"
red_candle.png,Red Candle,base,"(12, 3, 2)","(0, 0, 0)"
red_candle_lit.png,Red Candle Lit,base,"(14, 5, 3)","(0, 0, 0)"
red_concrete.png,Red Concrete,base,"(142, 32, 32)","(70, 2, 2)"
red_concrete_powder.png,Red Concrete Powder,base,"(168, 54, 50)","(101, 8, 7)"
red_glazed_terracotta.png,Red Glazed Terracotta,base,"(181, 59, 53)","(119, 10, 8)"
red_mushroom.png,Red Mushroom,base,"(27, 9, 8)","(1, 0, 0)"
red_mushroom_block.png,Red Mushroom Block,base,"(200, 46, 45)","(149, 5, 5)"
red_nether_bricks.png,Red Nether Bricks,base,"(69, 7, 9)","(14, 0, 0)"
red_sand.png,Red Sand,base,"(190, 102, 33)","(133, 33, 2)"
red_sandstone.png,Red Sandstone,base,"(186, 99, 29)","(127, 31, 2)"
red_sandstone_bottom.png,Red Sandstone,bottom,"(185, 98, 28)","(125, 31, 1)"
red_sandstone_top.png,Red Sandstone,top,"(181, 97, 31)","(119, 30, 2)"
red_shulker_box.png,Red Shulker Box,base,"(140, 31, 30)","(68, 2, 2)"
red_stained_glass.png,Red Stained Glass,base,"(153, 51, 51)","(82, 7, 7)"
red_stained_glass_pane_top.png,Red Stained Glass Pane,top,"(18, 6, 6)","(0, 0, 0)"
red_terracotta.png,Red Terracotta,base,"(143, 61, 46)","(71, 10, 5)"
red_tulip.png,Red Tulip,base,"(17, 24, 6)","(0, 1, 0)"
red_wool.png,Red Wool,base,"(160, 39, 34)","(91, 4, 3)"
redstone_block.png,Redstone Block,base,"(175, 24, 5)","(111, 1, 0)"
redstone_dust_dot.png,Redstone Dust Dot,base,"(27, 27, 27)","(1, 1, 1)"
redstone_dust_line0.png,Redstone Dust Line0,base,"(18, 18, 18)","(0, 0, 0)"
redstone_dust_line1.png,Redstone Dust Line1,base,"(20, 20, 20)","(0, 0, 0)"
redstone_dust_overlay.png,Redstone Dust Overlay,base,"(0, 0, 0)","(0, 0, 0)"
redstone_lamp.png,Redstone Lamp,base,"(95, 54, 30)","(29, 8, 2)"
redstone_lamp_on.png,Redstone Lamp,on,"(142, 101, 60)","(70, 33, 10)"
redstone_ore.png,Redstone Ore,base,"(140, 109, 109)","(68, 39, 39)"
redstone_torch.png,Redstone Torch,base,"(21, 6, 5)","(1, 0, 0)"
redstone_torch_off.png,Redstone Torch,off,"(7, 5, 3)","(0, 0, 0)"
reinforced_deepslate_bottom.png,Reinforced Deepslate,bottom,"(79, 82, 79)","(19, 21, 19)"
reinforced_deepslate_side.png,Reinforced Deepslate,side,"(102, 109, 100)","(33, 39, 32)"
reinforced_deepslate_top.png,Reinforced Deepslate,top,"(80, 82, 78)","(19, 21, 18)"
repeater.png,Repeater,base,"(160, 157, 156)","(91, 87, 86)"
repeater_on.png,Repeater,on,"(169, 157, 156)","(103, 87, 86)"
repeating_command_block_back.png,Repeating Command Block,back,"(128, 109, 166)","(55, 39, 99)"
repeating_command_block_conditional.png,Repeating Command Block Conditional,base,"(127, 109, 171)","(55, 39, 105)"
repeating_command_block_front.png,Repeating Command Block,front,"(129, 111, 176)","(56, 40, 112)"
repeating_command_block_side.png,Repeating Command Block,side,"(128, 110, 170)","(55, 40, 104)"
resin_block.png,Resin Block,base,"(217, 99, 25)","(178, 31, 1)"
resin_bricks.png,Resin Bricks,base,"(205, 88, 24)","(157, 24, 1)"
resin_clump.png,Resin Clump,base,"(24, 12, 2)","(1, 0, 0)"
respawn_anchor_bottom.png,Respawn Anchor,bottom,"(32, 10, 60)","(2, 0, 10)"
respawn_anchor_side0.png,Respawn Anchor Side0,side,"(39, 23, 62)","(4, 1, 11)"
respawn_anchor_side1.png,Respawn Anchor Side1,side,"(42, 26, 64)","(4, 1, 12)"
respawn_anchor_side2.png,Respawn Anchor Side2,side,"(44, 28, 65)","(5, 1, 12)"
respawn_anchor_side3.png,Respawn Anchor Side3,side,"(47, 30, 66)","(6, 2, 13)"
respawn_anchor_side4.png,Respawn Anchor Side4,side,"(49, 32, 68)","(6, 2, 13)"
respawn_anchor_top.png,Respawn Anchor,top,"(76, 23, 150)","(17, 1, 79)"
respawn_anchor_top_off.png,Respawn Anchor,top,"(33, 21, 52)","(2, 1, 7)"
rooted_dirt.png,Rooted Dirt,base,"(144, 103, 76)","(72, 34, 17)"
rose_bush_bottom.png,Rose Bush,bottom,"(68, 58, 26)","(13, 9, 1)"
rose_bush_top.png,Rose Bush,top,"(47, 24, 13)","(6, 1, 0)"
sand.png,Sand,base,"(219, 207, 163)","(182, 161, 95)"
sandstone.png,Sandstone,base,"(216, 203, 155)","(176, 154, 85)"
sandstone_bottom.png,Sandstone,bottom,"(215, 202, 154)","(175, 152, 84)"
sandstone_top.png,Sandstone,top,"(223, 214, 170)","(189, 173, 104)"
scaffolding_bottom.png,Scaffolding,bottom,"(84, 75, 34)","(22, 17, 3)"
scaffolding_side.png,Scaffolding,side,"(102, 90, 41)","(33, 25, 4)"
scaffolding_top.png,Scaffolding,top,"(178, 143, 90)","(115, 71, 25)"
sculk.png,Sculk,base,"(12, 29, 36)","(0, 2, 3)"
sculk_catalyst_bottom.png,Sculk Catalyst,bottom,"(89, 109, 109)","(25, 39, 39)"
sculk_catalyst_side.png,Sculk Catalyst,side,"(76, 93, 90)","(17, 27, 25)"
sculk_catalyst_side_bloom.png,Sculk Catalyst Bloom,side,"(76, 97, 93)","(17, 30, 27)"
sculk_catalyst_top.png,Sculk Catalyst,top,"(15, 31, 38)","(0, 2, 3)"
sculk_catalyst_top_bloom.png,Sculk Catalyst Bloom,top,"(16, 45, 50)","(0, 5, 7)"
sculk_sensor_bottom.png,Sculk Sensor,bottom,"(13, 27, 33)","(0, 1, 2)"
sculk_sensor_side.png,Sculk Sensor,side,"(5, 19, 23)","(0, 0, 1)"
sculk_sensor_tendril_active.png,Sculk Sensor Tendril Active,base,"(1, 15, 15)","(0, 0, 0)"
sculk_sensor_tendril_inactive.png,Sculk Sensor Tendril Inactive,base,"(1, 8, 9)","(0, 0, 0)"
sculk_sensor_top.png,Sculk Sensor,top,"(7, 70, 84)","(0, 14, 22)"
sculk_shrieker_bottom.png,Sculk Shrieker,bottom,"(13, 27, 33)","(0, 1, 2)"
sculk_shrieker_can_summon_inner_top.png,Sculk Shrieker Can Summon Inner,top,"(30, 64, 66)","(2, 12, 13)"
sculk_shrieker_inner_top.png,Sculk Shrieker Inner,top,"(30, 54, 55)","(2, 8, 8)"
sculk_shrieker_side.png,Sculk Shrieker,side,"(56, 76, 72)","(9, 17, 15)"
sculk_shrieker_top.png,Sculk Shrieker,top,"(40, 41, 34)","(4, 4, 3)"
sculk_vein.png,Sculk Vein,base,"(5, 33, 40)","(0, 2, 4)"
sea_lantern.png,Sea Lantern,base,"(172, 199, 190)","(107, 147, 133)"
sea_pickle.png,Sea Pickle,base,"(76, 82, 33)","(17, 21, 2)"
seagrass.png,Seagrass,base,"(15, 37, 2)","(0, 3, 0)"
short_dry_grass.png,Short Dry Grass,base,"(35, 29, 20)","(3, 2, 0)"
short_grass.png,Short Grass,base,"(79, 79, 79)","(19, 19, 19)"
shroomlight.png,Shroomlight,base,"(240, 146, 70)","(223, 74, 14)"
shulker_box.png,Shulker Box,base,"(139, 96, 139)","(67, 29, 67)"
slime_block.png,Slime Block,base,"(111, 192, 91)","(40, 136, 26)"
small_amethyst_bud.png,Small Amethyst Bud,base,"(16, 12, 24)","(0, 0, 1)"
small_dripleaf_side.png,Small Dripleaf,side,"(1, 2, 0)","(0, 0, 0)"
small_dripleaf_stem_bottom.png,Small Dripleaf Stem,bottom,"(15, 20, 7)","(0, 0, 0)"
small_dripleaf_stem_top.png,Small Dripleaf Stem,top,"(13, 16, 6)","(0, 0, 0)"
small_dripleaf_top.png,Small Dripleaf,top,"(23, 29, 11)","(1, 2, 0)"
smithing_table_bottom.png,Smithing Table,bottom,"(64, 28, 23)","(12, 1, 1)"
smithing_table_front.png,Smithing Table,front,"(56, 37, 38)","(9, 3, 3)"
smithing_table_side.png,Smithing Table,side,"(55, 35, 35)","(8, 3, 3)"
smithing_table_top.png,Smithing Table,top,"(57, 58, 70)","(9, 9, 14)"
smoker_bottom.png,Smoker,bottom,"(107, 105, 103)","(37, 36, 34)"
smoker_front.png,Smoker,front,"(87, 75, 57)","(23, 17, 9)"
smoker_front_on.png,Smoker,front,"(118, 97, 66)","(46, 30, 13)"
smoker_side.png,Smoker,side,"(102, 91, 75)","(33, 26, 17)"
smoker_top.png,Smoker,top,"(85, 83, 81)","(22, 21, 20)"
smooth_basalt.png,Smooth Basalt,base,"(72, 72, 78)","(15, 15, 18)"
smooth_stone.png,Smooth Stone,base,"(158, 158, 158)","(88, 88, 88)"
smooth_stone_slab_side.png,Smooth Stone Slab,side,"(167, 167, 167)","(100, 100, 100)"
sniffer_egg_not_cracked_bottom.png,Sniffer Egg Not Cracked,bottom,"(48, 16, 17)","(6, 0, 0)"
sniffer_egg_not_cracked_east.png,Sniffer Egg Not Cracked East,base,"(70, 54, 36)","(14, 8, 3)"
sniffer_egg_not_cracked_north.png,Sniffer Egg Not Cracked North,base,"(80, 67, 44)","(19, 13, 5)"
sniffer_egg_not_cracked_south.png,Sniffer Egg Not Cracked South,base,"(81, 68, 45)","(20, 13, 5)"
sniffer_egg_not_cracked_top.png,Sniffer Egg Not Cracked,top,"(88, 69, 44)","(24, 14, 5)"
sniffer_egg_not_cracked_west.png,Sniffer Egg Not Cracked West,base,"(67, 58, 38)","(13, 9, 3)"
sniffer_egg_slightly_cracked_bottom.png,Sniffer Egg Slightly Cracked,bottom,"(46, 16, 16)","(5, 0, 0)"
sniffer_egg_slightly_cracked_east.png,Sniffer Egg Slightly Cracked East,base,"(67, 51, 35)","(13, 7, 3)"
sniffer_egg_slightly_cracked_north.png,Sniffer Egg Slightly Cracked North,base,"(78, 63, 43)","(18, 11, 5)"
sniffer_egg_slightly_cracked_south.png,Sniffer Egg Slightly Cracked South,base,"(78, 63, 43)","(18, 11, 5)"
sniffer_egg_slightly_cracked_top.png,Sniffer Egg Slightly Cracked,top,"(84, 63, 41)","(22, 11, 4)"
sniffer_egg_slightly_cracked_west.png,Sniffer Egg Slightly Cracked West,base,"(66, 57, 38)","(13, 9, 3)"
sniffer_egg_very_cracked_bottom.png,Sniffer Egg Very Cracked,bottom,"(45, 16, 16)","(5, 0, 0)"
sniffer_egg_very_cracked_east.png,Sniffer Egg Very Cracked East,base,"(64, 48, 34)","(12, 6, 3)"
sniffer_egg_very_cracked_north.png,Sniffer Egg Very Cracked North,base,"(74, 59, 41)","(16, 10, 4)"
sniffer_egg_very_cracked_south.png,Sniffer Egg Very Cracked South,base,"(74, 60, 41)","(16, 10, 4)"
sniffer_egg_very_cracked_top.png,Sniffer Egg Very Cracked,top,"(78, 58, 38)","(18, 9, 3)"
sniffer_egg_very_cracked_west.png,Sniffer Egg Very Cracked West,base,"(62, 53, 36)","(11, 8, 3)"
snow.png,Snow,base,"(249, 254, 254)","(241, 252, 252)"
soul_campfire_fire.png,Soul Campfire Fire,base,"(39, 99, 101)","(4, 31, 33)"
soul_campfire_log_lit.png,Soul Campfire Log Lit,base,"(69, 106, 104)","(14, 36, 35)"
soul_fire_0.png,Soul Fire 0,base,"(29, 111, 113)","(2, 40, 42)"
soul_fire_1.png,Soul Fire 1,base,"(30, 106, 108)","(2, 36, 38)"
soul_lantern.png,Soul Lantern,base,"(29, 41, 47)","(2, 4, 6)"
soul_sand.png,Soul Sand,base,"(81, 62, 50)","(20, 11, 7)"
soul_soil.png,Soul Soil,base,"(75, 57, 46)","(17, 9, 5)"
soul_torch.png,Soul Torch,base,"(8, 8, 7)","(0, 0, 0)"
spawner.png,Spawner,base,"(25, 31, 43)","(1, 2, 5)"
sponge.png,Sponge,base,"(195, 192, 74)","(141, 136, 16)"
spore_blossom.png,Spore Blossom,base,"(100, 46, 76)","(32, 5, 17)"
spore_blossom_base.png,Spore Blossom Base,base,"(70, 88, 31)","(14, 24, 2)"
spruce_door_bottom.png,Spruce Door,bottom,"(105, 80, 48)","(36, 19, 6)"
spruce_door_top.png,Spruce Door,top,"(106, 80, 48)","(36, 19, 6)"
spruce_leaves.png,Spruce Leaves,base,"(78, 78, 78)","(18, 18, 18)"
spruce_log.png,Spruce Log,base,"(58, 37, 16)","(9, 3, 0)"
spruce_log_top.png,Spruce Log,top,"(108, 80, 46)","(38, 19, 5)"
spruce_planks.png,Spruce Planks,base,"(114, 84, 48)","(43, 22, 6)"
spruce_sapling.png,Spruce Sapling,base,"(14, 19, 11)","(0, 0, 0)"
spruce_trapdoor.png,Spruce Trapdoor,base,"(103, 79, 47)","(34, 19, 6)"
stone.png,Stone,base,"(125, 125, 125)","(53, 53, 53)"
stone_bricks.png,Stone Bricks,base,"(122, 121, 122)","(50, 49, 50)"
stonecutter_bottom.png,Stonecutter,bottom,"(118, 117, 118)","(46, 45, 46)"
stonecutter_saw.png,Stonecutter Saw,base,"(71, 71, 71)","(15, 15, 15)"
stonecutter_side.png,Stonecutter,side,"(59, 50, 43)","(10, 7, 5)"
stonecutter_top.png,Stonecutter,top,"(123, 118, 111)","(51, 46, 40)"
stripped_acacia_log.png,Stripped Acacia Log,base,"(174, 92, 59)","(109, 27, 10)"
stripped_acacia_log_top.png,Stripped Acacia Log,top,"(166, 91, 51)","(99, 26, 7)"
stripped_bamboo_block.png,Stripped Bamboo Block,base,"(193, 173, 80)","(138, 108, 19)"
stripped_bamboo_block_top.png,Stripped Bamboo Block,top,"(178, 158, 72)","(115, 88, 15)"
stripped_birch_log.png,Stripped Birch Log,base,"(196, 176, 118)","(142, 112, 46)"
stripped_birch_log_top.png,Stripped Birch Log,top,"(191, 171, 116)","(135, 105, 45)"
stripped_cherry_log.png,Stripped Cherry Log,base,"(215, 145, 148)","(175, 73, 77)"
stripped_cherry_log_top.png,Stripped Cherry Log,top,"(221, 164, 157)","(186, 96, 87)"
stripped_crimson_stem.png,Stripped Crimson Stem,base,"(137, 57, 90)","(65, 9, 25)"
stripped_crimson_stem_top.png,Stripped Crimson Stem,top,"(121, 56, 82)","(49, 9, 21)"
stripped_dark_oak_log.png,Stripped Dark Oak Log,base,"(72, 56, 36)","(15, 9, 3)"
stripped_dark_oak_log_top.png,Stripped Dark Oak Log,top,"(65, 44, 22)","(12, 5, 1)"
stripped_jungle_log.png,Stripped Jungle Log,base,"(171, 132, 84)","(105, 59, 22)"
stripped_jungle_log_top.png,Stripped Jungle Log,top,"(165, 122, 81)","(97, 50, 20)"
stripped_mangrove_log.png,Stripped Mangrove Log,base,"(119, 54, 47)","(47, 8, 6)"
stripped_mangrove_log_top.png,Stripped Mangrove Log,top,"(109, 43, 43)","(39, 5, 5)"
stripped_oak_log.png,Stripped Oak Log,base,"(177, 144, 86)","(114, 72, 23)"
stripped_oak_log_top.png,Stripped Oak Log,top,"(160, 129, 77)","(91, 56, 18)"
stripped_pale_oak_log.png,Stripped Pale Oak Log,base,"(245, 238, 236)","(233, 219, 215)"
stripped_pale_oak_log_top.png,Stripped Pale Oak Log,top,"(235, 226, 225)","(213, 195, 193)"
stripped_spruce_log.png,Stripped Spruce Log,base,"(115, 89, 52)","(44, 25, 7)"
stripped_spruce_log_top.png,Stripped Spruce Log,top,"(105, 80, 46)","(36, 19, 5)"
stripped_warped_stem.png,Stripped Warped Stem,base,"(57, 150, 147)","(9, 79, 75)"
stripped_warped_stem_top.png,Stripped Warped Stem,top,"(52, 128, 124)","(7, 55, 52)"
structure_block.png,Structure Block,base,"(88, 74, 90)","(24, 16, 25)"
structure_block_corner.png,Structure Block Corner,base,"(68, 57, 69)","(13, 9, 14)"
structure_block_data.png,Structure Block Data,base,"(79, 65, 80)","(19, 12, 19)"
structure_block_load.png,Structure Block Load,base,"(69, 57, 70)","(14, 9, 14)"
structure_block_save.png,Structure Block Save,base,"(86, 71, 87)","(23, 15, 23)"
sugar_cane.png,Sugar Cane,base,"(81, 106, 55)","(20, 36, 8)"
sunflower_back.png,Sunflower,back,"(11, 25, 7)","(0, 1, 0)"
sunflower_bottom.png,Sunflower,bottom,"(12, 30, 6)","(0, 2, 0)"
sunflower_front.png,Sunflower,front,"(49, 39, 10)","(6, 4, 0)"
sunflower_top.png,Sunflower,top,"(6, 15, 3)","(0, 0, 0)"
suspicious_gravel_0.png,Suspicious Gravel 0,base,"(129, 125, 124)","(56, 53, 52)"
suspicious_gravel_1.png,Suspicious Gravel 1,base,"(128, 123, 122)","(55, 51, 50)"
suspicious_gravel_2.png,Suspicious Gravel 2,base,"(126, 120, 120)","(54, 48, 48)"
suspicious_gravel_3.png,Suspicious Gravel 3,base,"(124, 119, 118)","(52, 47, 46)"
suspicious_sand_0.png,Suspicious Sand 0,base,"(217, 204, 159)","(178, 156, 90)"
suspicious_sand_1.png,Suspicious Sand 1,base,"(216, 202, 156)","(176, 152, 86)"
suspicious_sand_2.png,Suspicious Sand 2,base,"(214, 198, 151)","(173, 146, 80)"
suspicious_sand_3.png,Suspicious Sand 3,base,"(210, 193, 145)","(166, 138, 73)"
sweet_berry_bush_stage0.png,Sweet Berry Bush Stage0,base,"(8, 18, 11)","(0, 0, 0)"
sweet_berry_bush_stage1.png,Sweet Berry Bush Stage1,base,"(25, 51, 31)","(1, 7, 2)"
sweet_berry_bush_stage2.png,Sweet Berry Bush Stage2,base,"(33, 50, 31)","(2, 7, 2)"
sweet_berry_bush_stage3.png,Sweet Berry Bush Stage3,base,"(43, 49, 32)","(5, 6, 2)"
tall_dry_grass.png,Tall Dry Grass,base,"(82, 71, 51)","(21, 15, 7)"
tall_grass_bottom.png,Tall Grass,bottom,"(93, 93, 93)","(27, 27, 27)"
tall_grass_top.png,Tall Grass,top,"(53, 52, 53)","(8, 7, 8)"
tall_seagrass_bottom.png,Tall Seagrass,bottom,"(24, 64, 2)","(1, 12, 0)"
tall_seagrass_top.png,Tall Seagrass,top,"(17, 41, 4)","(0, 4, 0)"
target_side.png,Target,side,"(229, 176, 168)","(201, 112, 101)"
target_top.png,Target,top,"(226, 170, 157)","(195, 104, 87)"
terracotta.png,Terracotta,base,"(152, 94, 67)","(81, 28, 13)"
test_block_accept.png,Test Block Accept,base,"(131, 191, 117)","(58, 135, 45)"
test_block_fail.png,Test Block Fail,base,"(125, 112, 170)","(53, 41, 104)"
test_block_log.png,Test Block Log,base,"(143, 175, 213)","(71, 111, 171)"
test_block_start.png,Test Block Start,base,"(190, 158, 120)","(133, 88, 48)"
test_instance_block.png,Test Instance Block,base,"(127, 120, 119)","(55, 48, 47)"
tinted_glass.png,Tinted Glass,base,"(43, 38, 45)","(5, 3, 5)"
tnt_bottom.png,Tnt,bottom,"(166, 66, 53)","(99, 13, 8)"
tnt_side.png,Tnt,side,"(182, 88, 84)","(121, 24, 22)"
tnt_top.png,Tnt,top,"(142, 62, 53)","(70, 11, 8)"
torch.png,Torch,base,"(10, 8, 4)","(0, 0, 0)"
torchflower.png,Torchflower,base,"(38, 38, 29)","(3, 3, 2)"
torchflower_crop_stage0.png,Torchflower Crop Stage0,base,"(2, 9, 6)","(0, 0, 0)"
torchflower_crop_stage1.png,Torchflower Crop Stage1,base,"(17, 29, 20)","(0, 2, 0)"
trial_spawner_bottom.png,Trial Spawner,bottom,"(31, 44, 57)","(2, 5, 9)"
trial_spawner_side_active.png,Trial Spawner Active,side,"(40, 49, 58)","(4, 6, 9)"
trial_spawner_side_active_ominous.png,Trial Spawner Active Ominous,side,"(35, 49, 62)","(3, 6, 11)"
trial_spawner_side_inactive.png,Trial Spawner Inactive,side,"(36, 51, 63)","(3, 7, 11)"
trial_spawner_side_inactive_ominous.png,Trial Spawner Inactive Ominous,side,"(30, 44, 56)","(2, 5, 9)"
trial_spawner_top_active.png,Trial Spawner Active,top,"(62, 80, 92)","(11, 19, 27)"
trial_spawner_top_active_ominous.png,Trial Spawner Active Ominous,top,"(49, 83, 100)","(6, 21, 32)"
trial_spawner_top_ejecting_reward.png,Trial Spawner Ejecting Reward,top,"(46, 52, 61)","(5, 7, 10)"
trial_spawner_top_ejecting_reward_ominous.png,Trial Spawner Ejecting Reward Ominous,top,"(33, 55, 69)","(2, 8, 14)"
trial_spawner_top_inactive.png,Trial Spawner Inactive,top,"(56, 82, 98)","(9, 21, 31)"
trial_spawner_top_inactive_ominous.png,Trial Spawner Inactive Ominous,top,"(49, 74, 90)","(6, 16, 25)"
tripwire.png,Tripwire,base,"(21, 21, 21)","(1, 1, 1)"
tripwire_hook.png,Tripwire Hook,base,"(25, 23, 21)","(1, 1, 1)"
tube_coral.png,Tube Coral,base,"(28, 49, 117)","(1, 6, 45)"
tube_coral_block.png,Tube Coral Block,base,"(49, 87, 206)","(6, 23, 159)"
tube_coral_fan.png,Tube Coral Fan,base,"(15, 28, 64)","(0, 1, 12)"
tuff.png,Tuff,base,"(108, 109, 102)","(38, 39, 33)"
tuff_bricks.png,Tuff Bricks,base,"(98, 102, 95)","(31, 33, 29)"
turtle_egg.png,Turtle Egg,base,"(118, 117, 99)","(46, 45, 31)"
turtle_egg_slightly_cracked.png,Turtle Egg Slightly Cracked,base,"(113, 111, 92)","(42, 40, 27)"
turtle_egg_very_cracked.png,Turtle Egg Very Cracked,base,"(108, 105, 85)","(38, 36, 22)"
twisting_vines.png,Twisting Vines,base,"(5, 39, 34)","(0, 4, 3)"
twisting_vines_plant.png,Twisting Vines Plant,base,"(7, 47, 42)","(0, 6, 4)"
vault_bottom.png,Vault,bottom,"(44, 43, 56)","(5, 5, 9)"
vault_bottom_ominous.png,Vault Ominous,bottom,"(44, 43, 56)","(5, 5, 9)"
vault_front_ejecting.png,Vault Ejecting,front,"(51, 54, 57)","(7, 8, 9)"
vault_front_ejecting_ominous.png,Vault Ejecting Ominous,front,"(46, 63, 67)","(5, 11, 13)"
vault_front_off.png,Vault,front,"(44, 56, 63)","(5, 9, 11)"
vault_front_off_ominous.png,Vault Ominous,front,"(53, 61, 66)","(8, 10, 13)"
vault_front_on.png,Vault,front,"(51, 54, 56)","(7, 8, 9)"
vault_front_on_ominous.png,Vault Ominous,front,"(49, 64, 67)","(6, 12, 13)"
vault_side_off.png,Vault,side,"(44, 56, 60)","(5, 9, 10)"
vault_side_off_ominous.png,Vault Ominous,side,"(44, 56, 60)","(5, 9, 10)"
vault_side_on.png,Vault,side,"(50, 54, 53)","(7, 8, 8)"
vault_side_on_ominous.png,Vault Ominous,side,"(37, 57, 61)","(3, 9, 10)"
vault_top.png,Vault,top,"(54, 69, 79)","(8, 14, 19)"
vault_top_ejecting.png,Vault Ejecting,top,"(42, 47, 54)","(4, 6, 8)"
vault_top_ejecting_ominous.png,Vault Ejecting Ominous,top,"(45, 47, 51)","(5, 6, 7)"
vault_top_ominous.png,Vault Ominous,top,"(68, 72, 70)","(13, 15, 14)"
verdant_froglight_side.png,Verdant Froglight,side,"(211, 234, 208)","(168, 211, 162)"
verdant_froglight_top.png,Verdant Froglight,top,"(229, 244, 228)","(201, 231, 199)"
vine.png,Vine,base,"(66, 66, 66)","(13, 13, 13)"
warped_door_bottom.png,Warped Door,bottom,"(43, 118, 112)","(5, 46, 41)"
warped_door_top.png,Warped Door,top,"(44, 126, 120)","(5, 54, 48)"
warped_fungus.png,Warped Fungus,base,"(14, 21, 17)","(0, 1, 0)"
warped_nylium.png,Warped Nylium,base,"(43, 114, 101)","(5, 43, 33)"
warped_nylium_side.png,Warped Nylium,side,"(72, 61, 59)","(15, 10, 10)"
warped_planks.png,Warped Planks,base,"(43, 104, 99)","(5, 35, 31)"
warped_roots.png,Warped Roots,base,"(7, 49, 44)","(0, 6, 5)"
warped_roots_pot.png,Warped Roots Pot,base,"(5, 37, 34)","(0, 3, 3)"
warped_stem.png,Warped Stem,base,"(58, 58, 77)","(9, 9, 18)"
warped_stem_top.png,Warped Stem,top,"(53, 109, 110)","(8, 39, 40)"
warped_trapdoor.png,Warped Trapdoor,base,"(37, 93, 87)","(3, 27, 23)"
warped_wart_block.png,Warped Wart Block,base,"(22, 119, 121)","(1, 47, 49)"
water_flow.png,Water Flow,base,"(168, 168, 168)","(101, 101, 101)"
water_overlay.png,Water Overlay,base,"(165, 165, 165)","(97, 97, 97)"
water_still.png,Water Still,base,"(177, 177, 177)","(114, 114, 114)"
weathered_chiseled_copper.png,Weathered Chiseled Copper,base,"(104, 150, 111)","(35, 79, 40)"
weathered_copper.png,Weathered Copper,base,"(108, 153, 110)","(38, 82, 40)"
weathered_copper_bulb.png,Weathered Copper Bulb,base,"(92, 126, 99)","(27, 54, 31)"
weathered_copper_bulb_lit.png,Weathered Copper Bulb Lit,base,"(156, 157, 98)","(86, 87, 31)"
weathered_copper_bulb_lit_powered.png,Weathered Copper Bulb Lit Powered,base,"(157, 155, 97)","(87, 85, 30)"
weathered_copper_bulb_powered.png,Weathered Copper Bulb Powered,base,"(94, 125, 98)","(28, 53, 31)"
weathered_copper_door_bottom.png,Weathered Copper Door,bottom,"(107, 143, 101)","(37, 71, 33)"
weathered_copper_door_top.png,Weathered Copper Door,top,"(89, 122, 89)","(25, 50, 25)"
weathered_copper_grate.png,Weathered Copper Grate,base,"(74, 106, 77)","(16, 36, 18)"
weathered_copper_trapdoor.png,Weathered Copper Trapdoor,base,"(86, 122, 87)","(23, 50, 23)"
weathered_cut_copper.png,Weathered Cut Copper,base,"(109, 145, 107)","(39, 73, 37)"
weeping_vines.png,Weeping Vines,base,"(11, 0, 0)","(0, 0, 0)"
weeping_vines_plant.png,Weeping Vines Plant,base,"(59, 7, 5)","(10, 0, 0)"
wet_sponge.png,Wet Sponge,base,"(171, 181, 70)","(105, 119, 14)"
wheat_stage0.png,Wheat Stage0,base,"(0, 3, 0)","(0, 0, 0)"
wheat_stage1.png,Wheat Stage1,base,"(0, 7, 0)","(0, 0, 0)"
wheat_stage2.png,Wheat Stage2,base,"(0, 17, 1)","(0, 0, 0)"
wheat_stage3.png,Wheat Stage3,base,"(2, 29, 3)","(0, 2, 0)"
wheat_stage4.png,Wheat Stage4,base,"(11, 41, 5)","(0, 4, 0)"
wheat_stage5.png,Wheat Stage5,base,"(25, 52, 7)","(1, 7, 0)"
wheat_stage6.png,Wheat Stage6,base,"(69, 65, 18)","(14, 12, 0)"
wheat_stage7.png,Wheat Stage7,base,"(90, 82, 39)","(25, 21, 4)"
white_candle.png,White Candle,base,"(17, 17, 17)","(0, 0, 0)"
white_candle_lit.png,White Candle Lit,base,"(17, 17, 16)","(0, 0, 0)"
white_concrete.png,White Concrete,base,"(207, 213, 214)","(161, 171, 173)"
white_concrete_powder.png,White Concrete Powder,base,"(225, 227, 227)","(193, 197, 197)"
white_glazed_terracotta.png,White Glazed Terracotta,base,"(188, 212, 202)","(130, 169, 152)"
white_shulker_box.png,White Shulker Box,base,"(215, 220, 221)","(175, 184, 186)"
white_stained_glass.png,White Stained Glass,base,"(255, 255, 255)","(255, 255, 255)"
white_stained_glass_pane_top.png,White Stained Glass Pane,top,"(30, 30, 30)","(2, 2, 2)"
white_terracotta.png,White Terracotta,base,"(209, 178, 161)","(164, 115, 92)"
white_tulip.png,White Tulip,base,"(16, 28, 12)","(0, 1, 0)"
white_wool.png,White Wool,base,"(233, 236, 236)","(209, 215, 215)"
wildflowers.png,Wildflowers,base,"(56, 50, 27)","(9, 7, 1)"
wildflowers_stem.png,Wildflowers Stem,base,"(1, 1, 1)","(0, 0, 0)"
wither_rose.png,Wither Rose,base,"(5, 6, 3)","(0, 0, 0)"
yellow_candle.png,Yellow Candle,base,"(17, 13, 4)","(0, 0, 0)"
yellow_candle_lit.png,Yellow Candle Lit,base,"(17, 15, 6)","(0, 0, 0)"
yellow_concrete.png,Yellow Concrete,base,"(240, 175, 21)","(223, 111, 1)"
yellow_concrete_powder.png,Yellow Concrete Powder,base,"(232, 199, 54)","(207, 147, 8)"
yellow_glazed_terracotta.png,Yellow Glazed Terracotta,base,"(234, 192, 88)","(211, 136, 24)"
yellow_shulker_box.png,Yellow Shulker Box,base,"(248, 188, 29)","(239, 130, 2)"
yellow_stained_glass.png,Yellow Stained Glass,base,"(229, 229, 51)","(201, 201, 7)"
yellow_stained_glass_pane_top.png,Yellow Stained Glass Pane,top,"(27, 27, 6)","(1, 1, 0)"
yellow_terracotta.png,Yellow Terracotta,base,"(186, 133, 35)","(127, 60, 3)"
yellow_wool.png,Yellow Wool,base,"(248, 197, 39)","(239, 144, 4)"
